state	year	month	SE	Verordnungen	VerordnungenSE
1	2015	1	30	332	9960
1	2015	1	90	623	56070
1	2015	2	30	377	11310
1	2015	2	90	571	51390
1	2015	3	30	377	11310
1	2015	3	90	650	58500
1	2015	4	30	353	10590
1	2015	4	90	641	57690
1	2015	5	30	350	10500
1	2015	5	90	605	54450
1	2015	6	30	354	10620
1	2015	6	90	622	55980
1	2015	7	30	380	11400
1	2015	7	90	760	68400
1	2015	8	30	311	9330
1	2015	8	90	593	53370
1	2015	9	30	325	9750
1	2015	9	90	611	54990
1	2015	10	30	343	10290
1	2015	10	90	730	65700
1	2015	11	30	322	9660
1	2015	11	90	730	65700
1	2015	12	30	322	9660
1	2015	12	90	623	56070
1	2016	1	30	252	7560
1	2016	1	90	632	56880
1	2016	2	30	277	8310
1	2016	2	90	682	61380
1	2016	3	30	304	9120
1	2016	3	90	645	58050
1	2016	4	30	254	7620
1	2016	4	90	729	65610
1	2016	5	30	271	8130
1	2016	5	90	605	54450
1	2016	6	30	241	7230
1	2016	6	90	541	48690
1	2016	7	30	230	6900
1	2016	7	90	552	49680
1	2016	8	30	206	6180
1	2016	8	90	475	42750
1	2016	9	30	208	6240
1	2016	9	90	425	38250
1	2016	10	30	180	5400
1	2016	10	90	441	39690
1	2016	11	30	206	6180
1	2016	11	90	442	39780
1	2016	12	30	209	6270
1	2016	12	90	441	39690
1	2017	1	30	173	5190
1	2017	1	90	387	34830
1	2017	2	30	172	5160
1	2017	2	90	366	32940
1	2017	3	30	203	6090
1	2017	3	90	412	37080
1	2017	4	30	156	4680
1	2017	4	90	408	36720
1	2017	5	30	182	5460
1	2017	5	90	402	36180
1	2017	6	30	169	5070
1	2017	6	90	363	32670
1	2017	7	30	183	5490
1	2017	7	90	416	37440
1	2017	8	30	163	4890
1	2017	8	90	344	30960
1	2017	9	28	3	84
1	2017	9	30	140	4200
1	2017	9	90	342	30780
1	2017	10	28	1	28
1	2017	10	30	137	4110
1	2017	10	90	400	36000
1	2017	11	30	145	4350
1	2017	11	60	1	60
1	2017	11	90	359	32310
1	2017	12	28	3	84
1	2017	12	30	140	4200
1	2017	12	90	345	31050
1	2018	1	28	1	28
1	2018	1	30	146	4380
1	2018	1	90	378	34020
1	2018	2	28	1	28
1	2018	2	30	146	4380
1	2018	2	90	361	32490
1	2018	3	28	3	84
1	2018	3	30	187	5610
1	2018	3	60	1	60
1	2018	3	90	433	38970
1	2018	4	28	3	84
1	2018	4	30	191	5730
1	2018	4	90	425	38250
1	2018	5	28	2	56
1	2018	5	30	193	5790
1	2018	5	90	402	36180
1	2018	6	30	185	5550
1	2018	6	90	401	36090
1	2018	7	10	1	10
1	2018	7	30	180	5400
1	2018	7	90	470	42300
1	2018	8	28	1	28
1	2018	8	30	156	4680
1	2018	8	90	427	38430
1	2018	9	30	144	4320
1	2018	9	90	367	33030
1	2018	10	30	169	5070
1	2018	10	90	467	42030
1	2018	11	28	1	28
1	2018	11	30	141	4230
1	2018	11	35	1	35
1	2018	11	90	425	38250
1	2018	12	30	134	4020
1	2018	12	90	360	32400
1	2019	1	10	1	10
1	2019	1	30	133	3990
1	2019	1	90	372	33480
1	2019	2	30	113	3390
1	2019	2	90	322	28980
1	2019	3	30	133	3990
1	2019	3	90	362	32580
1	2019	4	30	126	3780
1	2019	4	90	348	31320
1	2019	5	30	112	3360
1	2019	5	90	408	36720
1	2019	6	28	1	28
1	2019	6	30	114	3420
1	2019	6	90	300	27000
1	2019	7	30	130	3900
1	2019	7	90	414	37260
1	2019	8	30	124	3720
1	2019	8	35	1	35
1	2019	8	90	339	30510
1	2019	9	7	1	7
1	2019	9	30	156	4680
1	2019	9	35	6	210
1	2019	9	84	8	672
1	2019	9	90	449	40410
1	2019	10	7	3	21
1	2019	10	30	170	5100
1	2019	10	35	12	420
1	2019	10	84	6	504
1	2019	10	90	503	45270
1	2019	11	7	1	7
1	2019	11	30	161	4830
1	2019	11	35	2	70
1	2019	11	84	4	336
1	2019	11	90	491	44190
1	2019	12	30	139	4170
1	2019	12	35	7	245
1	2019	12	84	3	252
1	2019	12	90	485	43650
1	2020	1	30	139	4170
1	2020	1	35	1	35
1	2020	1	84	9	756
1	2020	1	90	484	43560
1	2020	2	30	130	3900
1	2020	2	35	2	70
1	2020	2	84	4	336
1	2020	2	90	469	42210
1	2020	3	30	154	4620
1	2020	3	35	4	140
1	2020	3	84	12	1008
1	2020	3	90	625	56250
1	2020	4	30	87	2610
1	2020	4	84	4	336
1	2020	4	90	451	40590
1	2020	5	30	95	2850
1	2020	5	35	2	70
1	2020	5	84	5	420
1	2020	5	90	464	41760
1	2020	6	28	1	28
1	2020	6	30	121	3630
1	2020	6	35	5	175
1	2020	6	84	8	672
1	2020	6	90	508	45720
1	2020	7	30	132	3960
1	2020	7	35	7	245
1	2020	7	84	12	1008
1	2020	7	90	566	50940
1	2020	8	30	145	4350
1	2020	8	35	3	105
1	2020	8	84	8	672
1	2020	8	90	501	45090
1	2020	9	30	137	4110
1	2020	9	35	5	175
1	2020	9	84	18	1512
1	2020	9	90	523	47070
1	2020	10	30	141	4230
1	2020	10	35	4	140
1	2020	10	84	16	1344
1	2020	10	90	654	58860
1	2020	11	30	145	4350
1	2020	11	35	9	315
1	2020	11	84	16	1344
1	2020	11	90	631	56790
1	2020	12	30	123	3690
1	2020	12	35	9	315
1	2020	12	60	2	120
1	2020	12	84	23	1932
1	2020	12	90	633	56970
1	2021	1	30	104	3120
1	2021	1	35	2	70
1	2021	1	60	1	60
1	2021	1	84	5	420
1	2021	1	90	588	52920
1	2021	2	30	114	3420
1	2021	2	35	1	35
1	2021	2	84	7	588
1	2021	2	90	647	58230
1	2021	3	30	136	4080
1	2021	3	60	1	60
1	2021	3	84	14	1176
1	2021	3	90	648	58320
1	2021	4	30	109	3270
1	2021	4	35	1	35
1	2021	4	84	5	420
1	2021	4	90	649	58410
1	2021	5	7	1	7
1	2021	5	30	113	3390
1	2021	5	35	5	175
1	2021	5	84	14	1176
1	2021	5	90	630	56700
1	2021	6	30	131	3930
1	2021	6	35	5	175
1	2021	6	84	11	924
1	2021	6	90	664	59760
1	2021	7	30	156	4680
1	2021	7	60	1	60
1	2021	7	84	6	504
1	2021	7	90	739	66510
1	2021	8	30	138	4140
1	2021	8	35	1	35
1	2021	8	84	5	420
1	2021	8	90	622	55980
1	2021	9	30	138	4140
1	2021	9	35	2	70
1	2021	9	84	5	420
1	2021	9	90	694	62460
1	2021	10	30	165	4950
1	2021	10	35	5	175
1	2021	10	84	8	672
1	2021	10	90	705	63450
1	2021	11	30	168	5040
1	2021	11	35	2	70
1	2021	11	84	10	840
1	2021	11	90	692	62280
1	2021	12	30	148	4440
1	2021	12	35	7	245
1	2021	12	84	6	504
1	2021	12	90	711	63990
2	2015	1	30	246	7380
2	2015	1	90	782	70380
2	2015	2	30	253	7590
2	2015	2	90	706	63540
2	2015	3	30	232	6960
2	2015	3	90	692	62280
2	2015	4	30	229	6870
2	2015	4	90	815	73350
2	2015	5	30	212	6360
2	2015	5	90	660	59400
2	2015	6	30	271	8130
2	2015	6	90	699	62910
2	2015	7	30	243	7290
2	2015	7	90	853	76770
2	2015	8	30	201	6030
2	2015	8	90	652	58680
2	2015	9	30	224	6720
2	2015	9	90	698	62820
2	2015	10	30	262	7860
2	2015	10	90	815	73350
2	2015	11	30	226	6780
2	2015	11	90	651	58590
2	2015	12	30	280	8400
2	2015	12	90	733	65970
2	2016	1	30	208	6240
2	2016	1	90	712	64080
2	2016	2	30	214	6420
2	2016	2	90	651	58590
2	2016	3	30	203	6090
2	2016	3	90	666	59940
2	2016	4	30	213	6390
2	2016	4	90	755	67950
2	2016	5	30	168	5040
2	2016	5	90	576	51840
2	2016	6	30	193	5790
2	2016	6	90	494	44460
2	2016	7	30	146	4380
2	2016	7	90	532	47880
2	2016	8	30	148	4440
2	2016	8	90	507	45630
2	2016	9	30	159	4770
2	2016	9	90	456	41040
2	2016	10	30	139	4170
2	2016	10	90	466	41940
2	2016	11	30	136	4080
2	2016	11	90	459	41310
2	2016	12	30	137	4110
2	2016	12	90	438	39420
2	2017	1	30	104	3120
2	2017	1	90	389	35010
2	2017	2	30	93	2790
2	2017	2	90	405	36450
2	2017	3	30	121	3630
2	2017	3	90	418	37620
2	2017	4	30	95	2850
2	2017	4	90	395	35550
2	2017	5	30	111	3330
2	2017	5	90	413	37170
2	2017	6	30	108	3240
2	2017	6	90	359	32310
2	2017	7	30	107	3210
2	2017	7	90	384	34560
2	2017	8	30	97	2910
2	2017	8	90	392	35280
2	2017	9	28	2	56
2	2017	9	30	87	2610
2	2017	9	90	327	29430
2	2017	10	28	1	28
2	2017	10	30	95	2850
2	2017	10	84	1	84
2	2017	10	90	416	37440
2	2017	11	30	95	2850
2	2017	11	90	366	32940
2	2017	12	28	3	84
2	2017	12	30	116	3480
2	2017	12	90	347	31230
2	2018	1	28	3	84
2	2018	1	30	78	2340
2	2018	1	90	342	30780
2	2018	2	28	1	28
2	2018	2	30	83	2490
2	2018	2	90	319	28710
2	2018	3	28	2	56
2	2018	3	30	84	2520
2	2018	3	90	299	26910
2	2018	4	28	1	28
2	2018	4	30	84	2520
2	2018	4	90	373	33570
2	2018	5	30	74	2220
2	2018	5	90	303	27270
2	2018	6	28	1	28
2	2018	6	30	100	3000
2	2018	6	90	297	26730
2	2018	7	28	2	56
2	2018	7	30	78	2340
2	2018	7	90	386	34740
2	2018	8	28	1	28
2	2018	8	30	92	2760
2	2018	8	90	278	25020
2	2018	9	28	1	28
2	2018	9	30	72	2160
2	2018	9	90	287	25830
2	2018	10	30	81	2430
2	2018	10	90	374	33660
2	2018	11	30	68	2040
2	2018	11	60	1	60
2	2018	11	90	305	27450
2	2018	12	30	64	1920
2	2018	12	90	273	24570
2	2019	1	30	73	2190
2	2019	1	90	361	32490
2	2019	2	30	50	1500
2	2019	2	90	305	27450
2	2019	3	30	67	2010
2	2019	3	35	2	70
2	2019	3	90	319	28710
2	2019	4	30	62	1860
2	2019	4	90	320	28800
2	2019	5	30	70	2100
2	2019	5	90	331	29790
2	2019	6	30	55	1650
2	2019	6	35	1	35
2	2019	6	90	276	24840
2	2019	7	30	78	2340
2	2019	7	35	4	140
2	2019	7	90	388	34920
2	2019	8	30	69	2070
2	2019	8	35	3	105
2	2019	8	90	275	24750
2	2019	9	30	204	6120
2	2019	9	35	87	3045
2	2019	9	84	25	2100
2	2019	9	90	564	50760
2	2019	10	30	222	6660
2	2019	10	35	92	3220
2	2019	10	84	20	1680
2	2019	10	90	754	67860
2	2019	11	30	167	5010
2	2019	11	35	53	1855
2	2019	11	84	19	1596
2	2019	11	90	575	51750
2	2019	12	7	1	7
2	2019	12	30	191	5730
2	2019	12	35	90	3150
2	2019	12	84	1	84
2	2019	12	90	668	60120
2	2020	1	30	166	4980
2	2020	1	35	97	3395
2	2020	1	84	6	504
2	2020	1	90	693	62370
2	2020	2	30	150	4500
2	2020	2	35	59	2065
2	2020	2	84	3	252
2	2020	2	90	612	55080
2	2020	3	30	112	3360
2	2020	3	35	69	2415
2	2020	3	84	8	672
2	2020	3	90	644	57960
2	2020	4	30	95	2850
2	2020	4	35	68	2380
2	2020	4	84	11	924
2	2020	4	90	544	48960
2	2020	5	30	109	3270
2	2020	5	35	54	1890
2	2020	5	84	15	1260
2	2020	5	90	670	60300
2	2020	6	30	105	3150
2	2020	6	35	82	2870
2	2020	6	84	25	2100
2	2020	6	90	596	53640
2	2020	7	30	136	4080
2	2020	7	35	78	2730
2	2020	7	84	31	2604
2	2020	7	90	738	66420
2	2020	8	30	110	3300
2	2020	8	35	71	2485
2	2020	8	60	1	60
2	2020	8	84	34	2856
2	2020	8	90	709	63810
2	2020	9	30	126	3780
2	2020	9	35	55	1925
2	2020	9	84	35	2940
2	2020	9	90	711	63990
2	2020	10	30	140	4200
2	2020	10	35	50	1750
2	2020	10	84	37	3108
2	2020	10	90	840	75600
2	2020	11	30	91	2730
2	2020	11	35	64	2240
2	2020	11	84	45	3780
2	2020	11	90	750	67500
2	2020	12	30	116	3480
2	2020	12	35	79	2765
2	2020	12	84	7	588
2	2020	12	90	730	65700
2	2021	1	30	86	2580
2	2021	1	35	72	2520
2	2021	1	60	1	60
2	2021	1	84	13	1092
2	2021	1	90	768	69120
2	2021	2	30	114	3420
2	2021	2	35	58	2030
2	2021	2	84	17	1428
2	2021	2	90	745	67050
2	2021	3	30	124	3720
2	2021	3	35	82	2870
2	2021	3	84	5	420
2	2021	3	90	824	74160
2	2021	4	30	122	3660
2	2021	4	35	45	1575
2	2021	4	84	14	1176
2	2021	4	90	834	75060
2	2021	5	30	107	3210
2	2021	5	35	86	3010
2	2021	5	84	9	756
2	2021	5	90	807	72630
2	2021	6	30	137	4110
2	2021	6	35	38	1330
2	2021	6	84	15	1260
2	2021	6	90	837	75330
2	2021	7	30	191	5730
2	2021	7	35	1	35
2	2021	7	84	9	756
2	2021	7	90	996	89640
2	2021	8	30	161	4830
2	2021	8	35	8	280
2	2021	8	84	3	252
2	2021	8	90	911	81990
2	2021	9	30	167	5010
2	2021	9	35	18	630
2	2021	9	84	9	756
2	2021	9	90	898	80820
2	2021	10	30	169	5070
2	2021	10	35	6	210
2	2021	10	84	10	840
2	2021	10	90	1009	90810
2	2021	11	30	148	4440
2	2021	11	35	16	560
2	2021	11	84	13	1092
2	2021	11	90	968	87120
2	2021	12	30	123	3690
2	2021	12	35	22	770
2	2021	12	84	9	756
2	2021	12	90	975	87750
3	2015	1	30	1497	44910
3	2015	1	90	1293	116370
3	2015	2	30	1363	40890
3	2015	2	90	992	89280
3	2015	3	30	1463	43890
3	2015	3	90	962	86580
3	2015	4	30	1350	40500
3	2015	4	90	1001	90090
3	2015	5	30	1273	38190
3	2015	5	90	839	75510
3	2015	6	30	1310	39300
3	2015	6	90	854	76860
3	2015	7	30	1280	38400
3	2015	7	90	1025	92250
3	2015	8	30	1192	35760
3	2015	8	90	811	72990
3	2015	9	30	1261	37830
3	2015	9	90	811	72990
3	2015	10	30	1239	37170
3	2015	10	90	1046	94140
3	2015	11	30	1198	35940
3	2015	11	90	875	78750
3	2015	12	30	1141	34230
3	2015	12	90	786	70740
3	2016	1	30	949	28470
3	2016	1	90	916	82440
3	2016	2	30	1026	30780
3	2016	2	90	811	72990
3	2016	3	30	1030	30900
3	2016	3	90	762	68580
3	2016	4	30	960	28800
3	2016	4	90	958	86220
3	2016	5	30	961	28830
3	2016	5	90	779	70110
3	2016	6	30	793	23790
3	2016	6	90	511	45990
3	2016	7	30	752	22560
3	2016	7	90	589	53010
3	2016	8	30	703	21090
3	2016	8	90	487	43830
3	2016	9	30	750	22500
3	2016	9	90	456	41040
3	2016	10	30	641	19230
3	2016	10	90	466	41940
3	2016	11	30	659	19770
3	2016	11	90	399	35910
3	2016	12	30	624	18720
3	2016	12	90	397	35730
3	2017	1	30	553	16590
3	2017	1	90	412	37080
3	2017	2	30	509	15270
3	2017	2	90	351	31590
3	2017	3	30	592	17760
3	2017	3	90	353	31770
3	2017	4	30	513	15390
3	2017	4	90	393	35370
3	2017	5	30	568	17040
3	2017	5	90	353	31770
3	2017	6	30	556	16680
3	2017	6	90	342	30780
3	2017	7	30	535	16050
3	2017	7	90	406	36540
3	2017	8	28	1	28
3	2017	8	30	537	16110
3	2017	8	90	356	32040
3	2017	9	28	5	140
3	2017	9	30	471	14130
3	2017	9	90	326	29340
3	2017	10	28	4	112
3	2017	10	30	467	14010
3	2017	10	90	403	36270
3	2017	11	28	2	56
3	2017	11	30	487	14610
3	2017	11	90	345	31050
3	2017	12	28	1	28
3	2017	12	30	465	13950
3	2017	12	90	354	31860
3	2018	1	28	2	56
3	2018	1	30	447	13410
3	2018	1	90	393	35370
3	2018	2	28	3	84
3	2018	2	30	405	12150
3	2018	2	90	300	27000
3	2018	3	28	4	112
3	2018	3	30	432	12960
3	2018	3	90	345	31050
3	2018	4	28	5	140
3	2018	4	30	407	12210
3	2018	4	90	373	33570
3	2018	5	28	1	28
3	2018	5	30	420	12600
3	2018	5	90	365	32850
3	2018	6	28	1	28
3	2018	6	30	418	12540
3	2018	6	90	338	30420
3	2018	7	28	1	28
3	2018	7	30	413	12390
3	2018	7	90	456	41040
3	2018	8	28	3	84
3	2018	8	30	390	11700
3	2018	8	90	312	28080
3	2018	9	28	2	56
3	2018	9	30	364	10920
3	2018	9	90	303	27270
3	2018	10	30	415	12450
3	2018	10	90	441	39690
3	2018	11	30	394	11820
3	2018	11	90	315	28350
3	2018	12	30	321	9630
3	2018	12	90	288	25920
3	2019	1	30	300	9000
3	2019	1	90	376	33840
3	2019	2	28	1	28
3	2019	2	30	279	8370
3	2019	2	90	267	24030
3	2019	3	28	1	28
3	2019	3	30	271	8130
3	2019	3	35	2	70
3	2019	3	60	1	60
3	2019	3	90	247	22230
3	2019	4	30	329	9870
3	2019	4	90	358	32220
3	2019	5	28	1	28
3	2019	5	30	269	8070
3	2019	5	90	298	26820
3	2019	6	30	270	8100
3	2019	6	84	1	84
3	2019	6	90	281	25290
3	2019	7	30	302	9060
3	2019	7	35	23	805
3	2019	7	90	354	31860
3	2019	8	28	1	28
3	2019	8	30	283	8490
3	2019	8	35	36	1260
3	2019	8	84	4	336
3	2019	8	90	306	27540
3	2019	9	30	670	20100
3	2019	9	35	171	5985
3	2019	9	60	3	180
3	2019	9	84	155	13020
3	2019	9	90	815	73350
3	2019	10	7	1	7
3	2019	10	30	562	16860
3	2019	10	35	134	4690
3	2019	10	60	11	660
3	2019	10	84	156	13104
3	2019	10	90	851	76590
3	2019	11	30	561	16830
3	2019	11	35	123	4305
3	2019	11	60	6	360
3	2019	11	84	93	7812
3	2019	11	90	761	68490
3	2019	12	30	477	14310
3	2019	12	35	92	3220
3	2019	12	60	7	420
3	2019	12	84	15	1260
3	2019	12	90	977	87930
3	2020	1	30	493	14790
3	2020	1	35	63	2205
3	2020	1	60	9	540
3	2020	1	84	98	8232
3	2020	1	90	1116	100440
3	2020	2	30	455	13650
3	2020	2	35	31	1085
3	2020	2	60	4	240
3	2020	2	84	32	2688
3	2020	2	90	978	88020
3	2020	3	30	455	13650
3	2020	3	35	42	1470
3	2020	3	60	3	180
3	2020	3	84	41	3444
3	2020	3	90	1193	107370
3	2020	4	30	316	9480
3	2020	4	35	35	1225
3	2020	4	60	1	60
3	2020	4	84	50	4200
3	2020	4	90	922	82980
3	2020	5	28	1	28
3	2020	5	30	335	10050
3	2020	5	35	53	1855
3	2020	5	60	3	180
3	2020	5	84	47	3948
3	2020	5	90	902	81180
3	2020	6	30	401	12030
3	2020	6	35	40	1400
3	2020	6	60	1	60
3	2020	6	84	77	6468
3	2020	6	90	1064	95760
3	2020	7	30	403	12090
3	2020	7	35	58	2030
3	2020	7	60	5	300
3	2020	7	84	88	7392
3	2020	7	90	1250	112500
3	2020	8	28	1	28
3	2020	8	30	354	10620
3	2020	8	35	65	2275
3	2020	8	60	2	120
3	2020	8	84	71	5964
3	2020	8	90	1104	99360
3	2020	9	30	435	13050
3	2020	9	35	121	4235
3	2020	9	60	2	120
3	2020	9	84	169	14196
3	2020	9	90	1367	123030
3	2020	10	30	482	14460
3	2020	10	35	110	3850
3	2020	10	60	1	60
3	2020	10	84	200	16800
3	2020	10	90	1728	155520
3	2020	11	28	1	28
3	2020	11	30	404	12120
3	2020	11	35	79	2765
3	2020	11	60	4	240
3	2020	11	84	172	14448
3	2020	11	90	1497	134730
3	2020	12	28	1	28
3	2020	12	30	438	13140
3	2020	12	35	96	3360
3	2020	12	84	82	6888
3	2020	12	90	1499	134910
3	2021	1	30	389	11670
3	2021	1	35	84	2940
3	2021	1	84	107	8988
3	2021	1	90	1742	156780
3	2021	2	28	1	28
3	2021	2	30	435	13050
3	2021	2	35	65	2275
3	2021	2	84	92	7728
3	2021	2	90	1510	135900
3	2021	3	28	1	28
3	2021	3	30	474	14220
3	2021	3	35	80	2800
3	2021	3	84	101	8484
3	2021	3	90	1661	149490
3	2021	4	30	440	13200
3	2021	4	35	57	1995
3	2021	4	60	2	120
3	2021	4	84	108	9072
3	2021	4	90	1844	165960
3	2021	5	28	1	28
3	2021	5	30	396	11880
3	2021	5	35	75	2625
3	2021	5	84	99	8316
3	2021	5	90	1632	146880
3	2021	6	30	487	14610
3	2021	6	35	41	1435
3	2021	6	84	98	8232
3	2021	6	90	1738	156420
3	2021	7	30	542	16260
3	2021	7	35	4	140
3	2021	7	60	2	120
3	2021	7	84	75	6300
3	2021	7	90	2141	192690
3	2021	8	28	1	28
3	2021	8	30	610	18300
3	2021	8	35	9	315
3	2021	8	60	1	60
3	2021	8	84	27	2268
3	2021	8	90	2062	185580
3	2021	9	30	579	17370
3	2021	9	35	22	770
3	2021	9	60	2	120
3	2021	9	84	69	5796
3	2021	9	90	1823	164070
3	2021	10	30	614	18420
3	2021	10	35	25	875
3	2021	10	60	2	120
3	2021	10	84	73	6132
3	2021	10	90	2255	202950
3	2021	11	30	582	17460
3	2021	11	35	29	1015
3	2021	11	60	1	60
3	2021	11	84	52	4368
3	2021	11	90	2256	203040
3	2021	12	30	552	16560
3	2021	12	35	32	1120
3	2021	12	84	63	5292
3	2021	12	90	1903	171270
4	2015	1	30	6	180
4	2015	1	90	19	1710
4	2015	2	30	3	90
4	2015	2	90	20	1800
4	2015	3	30	6	180
4	2015	3	90	8	720
4	2015	4	30	4	120
4	2015	4	90	17	1530
4	2015	5	30	3	90
4	2015	5	90	19	1710
4	2015	6	30	6	180
4	2015	6	90	11	990
4	2015	7	30	3	90
4	2015	7	90	15	1350
4	2015	8	30	6	180
4	2015	8	90	16	1440
4	2015	9	30	3	90
4	2015	9	90	13	1170
4	2015	10	30	4	120
4	2015	10	90	8	720
4	2015	11	30	5	150
4	2015	11	90	14	1260
4	2015	12	30	5	150
4	2015	12	90	10	900
4	2016	1	30	1	30
4	2016	1	90	4	360
4	2016	2	30	2	60
4	2016	2	90	3	270
4	2016	3	30	3	90
4	2016	3	90	10	900
4	2016	4	30	2	60
4	2016	4	90	21	1890
4	2016	5	30	1	30
4	2016	5	90	9	810
4	2016	6	30	4	120
4	2016	6	90	13	1170
4	2016	7	30	3	90
4	2016	7	90	9	810
4	2016	8	30	2	60
4	2016	8	90	5	450
4	2016	9	30	1	30
4	2016	9	90	14	1260
4	2016	10	30	2	60
4	2016	10	90	5	450
4	2016	11	30	3	90
4	2016	11	90	8	720
4	2016	12	30	3	90
4	2016	12	90	14	1260
4	2017	1	30	2	60
4	2017	1	90	5	450
4	2017	2	30	4	120
4	2017	2	90	2	180
4	2017	3	30	1	30
4	2017	3	90	1	90
4	2017	4	30	1	30
4	2017	5	30	4	120
4	2017	5	90	5	450
4	2017	6	30	3	90
4	2017	6	90	1	90
4	2017	7	30	5	150
4	2017	7	90	3	270
4	2017	8	30	1	30
4	2017	8	90	3	270
4	2017	9	30	1	30
4	2017	9	90	2	180
4	2017	10	30	1	30
4	2017	10	90	2	180
4	2017	11	30	3	90
4	2017	11	90	4	360
4	2017	12	90	2	180
4	2018	1	30	6	180
4	2018	1	90	5	450
4	2018	2	30	3	90
4	2018	2	90	1	90
4	2018	3	30	2	60
4	2018	3	90	2	180
4	2018	4	30	5	150
4	2018	4	90	5	450
4	2018	5	30	1	30
4	2018	6	90	5	450
4	2018	7	30	3	90
4	2018	7	90	1	90
4	2018	8	30	1	30
4	2018	8	90	3	270
4	2018	9	30	2	60
4	2018	9	90	1	90
4	2018	10	90	4	360
4	2018	11	30	3	90
4	2018	11	90	3	270
4	2018	12	30	4	120
4	2018	12	90	3	270
4	2019	1	30	1	30
4	2019	1	90	2	180
4	2019	2	30	6	180
4	2019	2	90	4	360
4	2019	3	30	2	60
4	2019	3	90	3	270
4	2019	4	30	1	30
4	2019	5	90	1	90
4	2019	6	30	3	90
4	2019	6	90	8	720
4	2019	7	30	2	60
4	2019	7	90	2	180
4	2019	8	30	1	30
4	2019	8	90	3	270
4	2019	9	30	2	60
4	2019	9	90	3	270
4	2019	10	30	3	90
4	2019	10	90	3	270
4	2019	11	30	2	60
4	2019	11	90	1	90
4	2019	12	30	2	60
4	2019	12	90	9	810
4	2020	1	30	1	30
4	2020	1	90	2	180
4	2020	2	30	1	30
4	2020	2	90	2	180
4	2020	3	30	1	30
4	2020	3	90	9	810
4	2020	4	30	3	90
4	2020	4	90	2	180
4	2020	5	30	1	30
4	2020	5	90	3	270
4	2020	6	30	7	210
4	2020	6	90	7	630
4	2020	7	30	2	60
4	2020	7	90	5	450
4	2020	8	30	2	60
4	2020	8	90	5	450
4	2020	9	30	2	60
4	2020	9	90	8	720
4	2020	10	30	6	180
4	2020	10	90	5	450
4	2020	11	30	2	60
4	2020	11	90	6	540
4	2020	12	30	3	90
4	2020	12	90	5	450
4	2021	1	30	6	180
4	2021	1	90	7	630
4	2021	2	30	1	30
4	2021	2	90	4	360
4	2021	3	30	2	60
4	2021	3	90	5	450
4	2021	4	30	2	60
4	2021	4	90	9	810
4	2021	5	30	3	90
4	2021	5	90	5	450
4	2021	6	30	4	120
4	2021	6	90	7	630
4	2021	7	30	3	90
4	2021	7	90	3	270
4	2021	8	30	5	150
4	2021	8	90	8	720
4	2021	9	30	5	150
4	2021	9	90	7	630
4	2021	10	30	2	60
4	2021	10	90	5	450
4	2021	11	30	2	60
4	2021	11	90	7	630
4	2021	12	30	3	90
4	2021	12	90	9	810
5	2015	1	30	81	2430
5	2015	1	90	57	5130
5	2015	2	30	74	2220
5	2015	2	90	51	4590
5	2015	3	30	99	2970
5	2015	3	90	53	4770
5	2015	4	30	64	1920
5	2015	4	90	53	4770
5	2015	5	30	84	2520
5	2015	5	90	55	4950
5	2015	6	30	91	2730
5	2015	6	90	69	6210
5	2015	7	30	83	2490
5	2015	7	90	71	6390
5	2015	8	30	77	2310
5	2015	8	90	62	5580
5	2015	9	30	98	2940
5	2015	9	90	71	6390
5	2015	10	30	76	2280
5	2015	10	90	74	6660
5	2015	11	30	89	2670
5	2015	11	90	66	5940
5	2015	12	30	82	2460
5	2015	12	90	87	7830
5	2016	1	30	65	1950
5	2016	1	90	71	6390
5	2016	2	30	70	2100
5	2016	2	90	86	7740
5	2016	3	30	77	2310
5	2016	3	90	83	7470
5	2016	4	30	71	2130
5	2016	4	90	74	6660
5	2016	5	30	77	2310
5	2016	5	90	86	7740
5	2016	6	30	76	2280
5	2016	6	90	87	7830
5	2016	7	30	72	2160
5	2016	7	90	80	7200
5	2016	8	30	77	2310
5	2016	8	90	77	6930
5	2016	9	30	64	1920
5	2016	9	90	81	7290
5	2016	10	30	62	1860
5	2016	10	90	45	4050
5	2016	11	30	59	1770
5	2016	11	90	74	6660
5	2016	12	30	52	1560
5	2016	12	90	64	5760
5	2017	1	30	54	1620
5	2017	1	90	42	3780
5	2017	2	30	50	1500
5	2017	2	90	51	4590
5	2017	3	30	63	1890
5	2017	3	90	66	5940
5	2017	4	30	51	1530
5	2017	4	90	50	4500
5	2017	5	30	59	1770
5	2017	5	90	58	5220
5	2017	6	30	56	1680
5	2017	6	90	69	6210
5	2017	7	30	57	1710
5	2017	7	90	50	4500
5	2017	8	30	55	1650
5	2017	8	90	62	5580
5	2017	9	30	52	1560
5	2017	9	90	49	4410
5	2017	10	28	1	28
5	2017	10	30	45	1350
5	2017	10	90	63	5670
5	2017	11	30	60	1800
5	2017	11	90	67	6030
5	2017	12	30	45	1350
5	2017	12	90	63	5670
5	2018	1	30	48	1440
5	2018	1	90	54	4860
5	2018	2	30	49	1470
5	2018	2	90	53	4770
5	2018	3	30	53	1590
5	2018	3	90	63	5670
5	2018	4	10	1	10
5	2018	4	30	54	1620
5	2018	4	90	57	5130
5	2018	5	30	53	1590
5	2018	5	90	72	6480
5	2018	6	30	44	1320
5	2018	6	90	61	5490
5	2018	7	30	42	1260
5	2018	7	90	79	7110
5	2018	8	30	45	1350
5	2018	8	90	67	6030
5	2018	9	30	60	1800
5	2018	9	90	66	5940
5	2018	10	30	46	1380
5	2018	10	90	67	6030
5	2018	11	30	54	1620
5	2018	11	90	78	7020
5	2018	12	30	44	1320
5	2018	12	60	1	60
5	2018	12	90	70	6300
5	2019	1	30	42	1260
5	2019	1	90	57	5130
5	2019	2	30	28	840
5	2019	2	90	72	6480
5	2019	3	30	29	870
5	2019	3	90	69	6210
5	2019	4	30	31	930
5	2019	4	90	59	5310
5	2019	5	30	32	960
5	2019	5	90	79	7110
5	2019	6	30	33	990
5	2019	6	90	55	4950
5	2019	7	30	36	1080
5	2019	7	90	52	4680
5	2019	8	30	29	870
5	2019	8	90	79	7110
5	2019	9	30	46	1380
5	2019	9	35	5	175
5	2019	9	84	1	84
5	2019	9	90	85	7650
5	2019	10	30	41	1230
5	2019	10	35	4	140
5	2019	10	90	71	6390
5	2019	11	30	42	1260
5	2019	11	35	4	140
5	2019	11	84	1	84
5	2019	11	90	83	7470
5	2019	12	30	39	1170
5	2019	12	35	1	35
5	2019	12	90	87	7830
5	2020	1	30	48	1440
5	2020	1	90	84	7560
5	2020	2	30	34	1020
5	2020	2	35	1	35
5	2020	2	84	1	84
5	2020	2	90	94	8460
5	2020	3	30	49	1470
5	2020	3	84	1	84
5	2020	3	90	99	8910
5	2020	4	30	37	1110
5	2020	4	35	1	35
5	2020	4	90	68	6120
5	2020	5	30	30	900
5	2020	5	84	2	168
5	2020	5	90	87	7830
5	2020	6	30	36	1080
5	2020	6	35	1	35
5	2020	6	90	97	8730
5	2020	7	30	41	1230
5	2020	7	84	1	84
5	2020	7	90	93	8370
5	2020	8	30	26	780
5	2020	8	90	99	8910
5	2020	9	30	28	840
5	2020	9	84	3	252
5	2020	9	90	106	9540
5	2020	10	30	33	990
5	2020	10	35	1	35
5	2020	10	84	2	168
5	2020	10	90	102	9180
5	2020	11	30	26	780
5	2020	11	35	1	35
5	2020	11	90	101	9090
5	2020	12	30	41	1230
5	2020	12	35	1	35
5	2020	12	84	1	84
5	2020	12	90	104	9360
5	2021	1	30	30	900
5	2021	1	35	1	35
5	2021	1	84	1	84
5	2021	1	90	101	9090
5	2021	2	30	26	780
5	2021	2	90	98	8820
5	2021	3	30	29	870
5	2021	3	35	3	105
5	2021	3	84	1	84
5	2021	3	90	117	10530
5	2021	4	30	24	720
5	2021	4	90	98	8820
5	2021	5	30	26	780
5	2021	5	35	1	35
5	2021	5	90	99	8910
5	2021	6	30	24	720
5	2021	6	35	2	70
5	2021	6	84	1	84
5	2021	6	90	116	10440
5	2021	7	30	23	690
5	2021	7	35	1	35
5	2021	7	90	119	10710
5	2021	8	30	22	660
5	2021	8	35	1	35
5	2021	8	90	114	10260
5	2021	9	30	26	780
5	2021	9	35	1	35
5	2021	9	84	2	168
5	2021	9	90	95	8550
5	2021	10	30	22	660
5	2021	10	90	131	11790
5	2021	11	30	23	690
5	2021	11	90	123	11070
5	2021	12	30	16	480
5	2021	12	35	2	70
5	2021	12	84	2	168
5	2021	12	90	133	11970
6	2015	1	30	987	29610
6	2015	1	90	292	26280
6	2015	2	30	877	26310
6	2015	2	90	323	29070
6	2015	3	30	920	27600
6	2015	3	90	359	32310
6	2015	4	30	1406	42180
6	2015	4	90	303	27270
6	2015	5	30	976	29280
6	2015	5	90	265	23850
6	2015	6	30	882	26460
6	2015	6	90	351	31590
6	2015	7	30	1196	35880
6	2015	7	90	353	31770
6	2015	8	30	932	27960
6	2015	8	90	257	23130
6	2015	9	30	859	25770
6	2015	9	90	246	22140
6	2015	10	30	1180	35400
6	2015	10	90	254	22860
6	2015	11	30	1067	32010
6	2015	11	90	303	27270
6	2015	12	30	165	4950
6	2015	12	90	499	44910
6	2016	1	30	109	3270
6	2016	1	90	593	53370
6	2016	2	30	120	3600
6	2016	2	90	528	47520
6	2016	3	30	110	3300
6	2016	3	90	507	45630
6	2016	4	30	115	3450
6	2016	4	90	568	51120
6	2016	5	30	110	3300
6	2016	5	90	484	43560
6	2016	6	30	97	2910
6	2016	6	90	329	29610
6	2016	7	30	85	2550
6	2016	7	90	414	37260
6	2016	8	30	78	2340
6	2016	8	90	266	23940
6	2016	9	30	51	1530
6	2016	9	90	270	24300
6	2016	10	30	53	1590
6	2016	10	90	292	26280
6	2016	11	30	73	2190
6	2016	11	90	251	22590
6	2016	12	30	64	1920
6	2016	12	90	252	22680
6	2017	1	30	65	1950
6	2017	1	90	264	23760
6	2017	2	30	48	1440
6	2017	2	90	200	18000
6	2017	3	30	60	1800
6	2017	3	90	218	19620
6	2017	4	30	48	1440
6	2017	4	90	242	21780
6	2017	5	30	57	1710
6	2017	5	90	212	19080
6	2017	6	30	60	1800
6	2017	6	90	208	18720
6	2017	7	30	54	1620
6	2017	7	90	222	19980
6	2017	8	30	60	1800
6	2017	8	90	210	18900
6	2017	9	28	1	28
6	2017	9	30	60	1800
6	2017	9	90	181	16290
6	2017	10	30	48	1440
6	2017	10	90	204	18360
6	2017	11	30	37	1110
6	2017	11	90	214	19260
6	2017	12	30	47	1410
6	2017	12	90	196	17640
6	2018	1	30	39	1170
6	2018	1	90	202	18180
6	2018	2	30	38	1140
6	2018	2	90	151	13590
6	2018	3	28	3	84
6	2018	3	30	41	1230
6	2018	3	90	177	15930
6	2018	4	28	1	28
6	2018	4	30	34	1020
6	2018	4	84	1	84
6	2018	4	90	203	18270
6	2018	5	30	42	1260
6	2018	5	90	214	19260
6	2018	6	30	44	1320
6	2018	6	90	200	18000
6	2018	7	30	44	1320
6	2018	7	90	188	16920
6	2018	8	30	41	1230
6	2018	8	90	206	18540
6	2018	9	30	32	960
6	2018	9	90	198	17820
6	2018	10	30	49	1470
6	2018	10	90	205	18450
6	2018	11	30	32	960
6	2018	11	90	191	17190
6	2018	12	7	1	7
6	2018	12	30	32	960
6	2018	12	90	188	16920
6	2019	1	30	31	930
6	2019	1	90	188	16920
6	2019	2	30	32	960
6	2019	2	90	182	16380
6	2019	3	28	1	28
6	2019	3	30	32	960
6	2019	3	90	166	14940
6	2019	4	30	26	780
6	2019	4	90	194	17460
6	2019	5	30	26	780
6	2019	5	90	181	16290
6	2019	6	30	29	870
6	2019	6	35	1	35
6	2019	6	90	172	15480
6	2019	7	30	33	990
6	2019	7	35	2	70
6	2019	7	90	176	15840
6	2019	8	30	21	630
6	2019	8	35	4	140
6	2019	8	90	179	16110
6	2019	9	30	77	2310
6	2019	9	35	2	70
6	2019	9	84	17	1428
6	2019	9	90	383	34470
6	2019	10	30	91	2730
6	2019	10	35	13	455
6	2019	10	84	16	1344
6	2019	10	90	383	34470
6	2019	11	30	92	2760
6	2019	11	35	14	490
6	2019	11	84	13	1092
6	2019	11	90	364	32760
6	2019	12	30	94	2820
6	2019	12	35	5	175
6	2019	12	84	14	1176
6	2019	12	90	386	34740
6	2020	1	30	85	2550
6	2020	1	35	4	140
6	2020	1	84	22	1848
6	2020	1	90	427	38430
6	2020	2	30	88	2640
6	2020	2	35	5	175
6	2020	2	84	15	1260
6	2020	2	90	386	34740
6	2020	3	30	50	1500
6	2020	3	35	2	70
6	2020	3	84	18	1512
6	2020	3	90	436	39240
6	2020	4	30	33	990
6	2020	4	35	5	175
6	2020	4	84	12	1008
6	2020	4	90	363	32670
6	2020	5	30	42	1260
6	2020	5	35	6	210
6	2020	5	84	19	1596
6	2020	5	90	390	35100
6	2020	6	30	56	1680
6	2020	6	35	4	140
6	2020	6	84	18	1512
6	2020	6	90	393	35370
6	2020	7	30	56	1680
6	2020	7	35	12	420
6	2020	7	84	19	1596
6	2020	7	90	403	36270
6	2020	8	30	64	1920
6	2020	8	35	6	210
6	2020	8	84	19	1596
6	2020	8	90	421	37890
6	2020	9	30	47	1410
6	2020	9	35	5	175
6	2020	9	84	24	2016
6	2020	9	90	450	40500
6	2020	10	30	61	1830
6	2020	10	35	4	140
6	2020	10	84	20	1680
6	2020	10	90	459	41310
6	2020	11	30	48	1440
6	2020	11	35	5	175
6	2020	11	84	20	1680
6	2020	11	90	450	40500
6	2020	12	30	55	1650
6	2020	12	84	1	84
6	2020	12	90	492	44280
6	2021	1	30	59	1770
6	2021	1	84	9	756
6	2021	1	90	481	43290
6	2021	2	30	49	1470
6	2021	2	35	7	245
6	2021	2	84	9	756
6	2021	2	90	433	38970
6	2021	3	30	63	1890
6	2021	3	35	6	210
6	2021	3	84	6	504
6	2021	3	90	532	47880
6	2021	4	30	60	1800
6	2021	4	35	6	210
6	2021	4	84	19	1596
6	2021	4	90	490	44100
6	2021	5	30	66	1980
6	2021	5	35	3	105
6	2021	5	84	12	1008
6	2021	5	90	435	39150
6	2021	6	30	71	2130
6	2021	6	35	2	70
6	2021	6	84	8	672
6	2021	6	90	558	50220
6	2021	7	30	86	2580
6	2021	7	35	5	175
6	2021	7	84	8	672
6	2021	7	90	563	50670
6	2021	8	30	67	2010
6	2021	8	84	3	252
6	2021	8	90	551	49590
6	2021	9	30	74	2220
6	2021	9	35	4	140
6	2021	9	84	15	1260
6	2021	9	90	543	48870
6	2021	10	30	90	2700
6	2021	10	35	1	35
6	2021	10	84	13	1092
6	2021	10	90	586	52740
6	2021	11	30	82	2460
6	2021	11	35	5	175
6	2021	11	84	13	1092
6	2021	11	90	575	51750
6	2021	12	30	71	2130
6	2021	12	35	3	105
6	2021	12	84	12	1008
6	2021	12	90	564	50760
7	2015	1	30	112	3360
7	2015	1	90	536	48240
7	2015	2	30	94	2820
7	2015	2	90	447	40230
7	2015	3	30	136	4080
7	2015	3	90	379	34110
7	2015	4	30	107	3210
7	2015	4	90	536	48240
7	2015	5	30	88	2640
7	2015	5	90	427	38430
7	2015	6	30	118	3540
7	2015	6	90	377	33930
7	2015	7	30	123	3690
7	2015	7	90	568	51120
7	2015	8	30	103	3090
7	2015	8	90	408	36720
7	2015	9	30	125	3750
7	2015	9	90	390	35100
7	2015	10	30	122	3660
7	2015	10	90	584	52560
7	2015	11	30	101	3030
7	2015	11	90	418	37620
7	2015	12	30	149	4470
7	2015	12	90	409	36810
7	2016	1	30	93	2790
7	2016	1	90	530	47700
7	2016	2	30	104	3120
7	2016	2	90	434	39060
7	2016	3	30	97	2910
7	2016	3	90	388	34920
7	2016	4	30	90	2700
7	2016	4	90	559	50310
7	2016	5	30	86	2580
7	2016	5	90	382	34380
7	2016	6	30	76	2280
7	2016	6	90	284	25560
7	2016	7	30	55	1650
7	2016	7	90	402	36180
7	2016	8	30	58	1740
7	2016	8	90	290	26100
7	2016	9	30	52	1560
7	2016	9	90	259	23310
7	2016	10	30	45	1350
7	2016	10	90	302	27180
7	2016	11	30	50	1500
7	2016	11	90	215	19350
7	2016	12	30	47	1410
7	2016	12	90	243	21870
7	2017	1	30	41	1230
7	2017	1	90	257	23130
7	2017	2	30	36	1080
7	2017	2	90	207	18630
7	2017	3	30	56	1680
7	2017	3	90	174	15660
7	2017	4	30	27	810
7	2017	4	90	237	21330
7	2017	5	30	55	1650
7	2017	5	90	172	15480
7	2017	6	30	52	1560
7	2017	6	90	181	16290
7	2017	7	30	28	840
7	2017	7	90	233	20970
7	2017	8	30	30	900
7	2017	8	90	173	15570
7	2017	9	30	34	1020
7	2017	9	90	169	15210
7	2017	10	28	1	28
7	2017	10	30	40	1200
7	2017	10	90	199	17910
7	2017	11	30	39	1170
7	2017	11	90	183	16470
7	2017	12	30	43	1290
7	2017	12	90	141	12690
7	2018	1	30	37	1110
7	2018	1	90	169	15210
7	2018	2	30	34	1020
7	2018	2	90	153	13770
7	2018	3	30	33	990
7	2018	3	90	129	11610
7	2018	4	28	2	56
7	2018	4	30	42	1260
7	2018	4	90	166	14940
7	2018	5	30	35	1050
7	2018	5	90	143	12870
7	2018	6	30	41	1230
7	2018	6	90	138	12420
7	2018	7	30	28	840
7	2018	7	90	155	13950
7	2018	8	30	34	1020
7	2018	8	90	135	12150
7	2018	9	30	36	1080
7	2018	9	90	112	10080
7	2018	10	30	40	1200
7	2018	10	90	153	13770
7	2018	11	30	39	1170
7	2018	11	84	1	84
7	2018	11	90	131	11790
7	2018	12	30	44	1320
7	2018	12	90	110	9900
7	2019	1	30	29	870
7	2019	1	90	146	13140
7	2019	2	28	1	28
7	2019	2	30	28	840
7	2019	2	84	1	84
7	2019	2	90	116	10440
7	2019	3	30	32	960
7	2019	3	60	1	60
7	2019	3	90	89	8010
7	2019	4	30	41	1230
7	2019	4	90	135	12150
7	2019	5	28	1	28
7	2019	5	30	39	1170
7	2019	5	84	2	168
7	2019	5	90	129	11610
7	2019	6	30	29	870
7	2019	6	90	93	8370
7	2019	7	30	34	1020
7	2019	7	90	120	10800
7	2019	8	10	2	20
7	2019	8	30	37	1110
7	2019	8	35	4	140
7	2019	8	60	2	120
7	2019	8	84	1	84
7	2019	8	90	132	11880
7	2019	9	30	123	3690
7	2019	9	35	23	805
7	2019	9	84	13	1092
7	2019	9	90	321	28890
7	2019	10	30	130	3900
7	2019	10	35	14	490
7	2019	10	60	2	120
7	2019	10	84	6	504
7	2019	10	90	365	32850
7	2019	11	30	131	3930
7	2019	11	35	16	560
7	2019	11	84	13	1092
7	2019	11	90	298	26820
7	2019	12	30	117	3510
7	2019	12	35	29	1015
7	2019	12	60	2	120
7	2019	12	84	5	420
7	2019	12	90	350	31500
7	2020	1	30	143	4290
7	2020	1	35	13	455
7	2020	1	84	9	756
7	2020	1	90	423	38070
7	2020	2	30	115	3450
7	2020	2	35	16	560
7	2020	2	84	3	252
7	2020	2	90	355	31950
7	2020	3	30	97	2910
7	2020	3	35	19	665
7	2020	3	84	17	1428
7	2020	3	90	418	37620
7	2020	4	30	47	1410
7	2020	4	35	6	210
7	2020	4	84	10	840
7	2020	4	90	332	29880
7	2020	5	30	61	1830
7	2020	5	35	11	385
7	2020	5	84	16	1344
7	2020	5	90	318	28620
7	2020	6	30	97	2910
7	2020	6	35	3	105
7	2020	6	84	11	924
7	2020	6	90	366	32940
7	2020	7	30	78	2340
7	2020	7	35	14	490
7	2020	7	84	18	1512
7	2020	7	90	419	37710
7	2020	8	30	98	2940
7	2020	8	35	8	280
7	2020	8	84	9	756
7	2020	8	90	363	32670
7	2020	9	30	112	3360
7	2020	9	35	9	315
7	2020	9	84	21	1764
7	2020	9	90	420	37800
7	2020	10	30	109	3270
7	2020	10	35	8	280
7	2020	10	84	18	1512
7	2020	10	90	484	43560
7	2020	11	30	74	2220
7	2020	11	35	7	245
7	2020	11	84	16	1344
7	2020	11	90	460	41400
7	2020	12	30	105	3150
7	2020	12	35	12	420
7	2020	12	84	7	588
7	2020	12	90	420	37800
7	2021	1	30	69	2070
7	2021	1	35	9	315
7	2021	1	84	7	588
7	2021	1	90	493	44370
7	2021	2	30	72	2160
7	2021	2	35	8	280
7	2021	2	84	7	588
7	2021	2	90	428	38520
7	2021	3	30	81	2430
7	2021	3	35	5	175
7	2021	3	84	7	588
7	2021	3	90	481	43290
7	2021	4	30	74	2220
7	2021	4	35	3	105
7	2021	4	84	4	336
7	2021	4	90	516	46440
7	2021	5	30	93	2790
7	2021	5	35	8	280
7	2021	5	60	1	60
7	2021	5	84	5	420
7	2021	5	90	452	40680
7	2021	6	30	88	2640
7	2021	6	35	3	105
7	2021	6	60	1	60
7	2021	6	84	9	756
7	2021	6	90	465	41850
7	2021	7	30	102	3060
7	2021	7	84	7	588
7	2021	7	90	583	52470
7	2021	8	30	76	2280
7	2021	8	35	1	35
7	2021	8	84	3	252
7	2021	8	90	499	44910
7	2021	9	30	101	3030
7	2021	9	35	2	70
7	2021	9	60	1	60
7	2021	9	84	6	504
7	2021	9	90	491	44190
7	2021	10	30	99	2970
7	2021	10	35	8	280
7	2021	10	84	4	336
7	2021	10	90	569	51210
7	2021	11	30	91	2730
7	2021	11	35	4	140
7	2021	11	84	5	420
7	2021	11	90	538	48420
7	2021	12	30	76	2280
7	2021	12	35	7	245
7	2021	12	60	1	60
7	2021	12	84	9	756
7	2021	12	90	412	37080
8	2015	1	30	26	780
8	2015	1	90	45	4050
8	2015	2	30	17	510
8	2015	2	90	41	3690
8	2015	3	30	23	690
8	2015	3	90	60	5400
8	2015	4	30	28	840
8	2015	4	90	72	6480
8	2015	5	30	26	780
8	2015	5	90	60	5400
8	2015	6	30	39	1170
8	2015	6	90	62	5580
8	2015	7	30	29	870
8	2015	7	90	51	4590
8	2015	8	30	35	1050
8	2015	8	90	57	5130
8	2015	9	30	24	720
8	2015	9	90	58	5220
8	2015	10	30	32	960
8	2015	10	90	76	6840
8	2015	11	30	34	1020
8	2015	11	90	48	4320
8	2015	12	30	16	480
8	2015	12	90	73	6570
8	2016	1	30	10	300
8	2016	1	90	65	5850
8	2016	2	30	9	270
8	2016	2	90	53	4770
8	2016	3	30	10	300
8	2016	3	90	72	6480
8	2016	4	30	9	270
8	2016	4	90	81	7290
8	2016	5	30	9	270
8	2016	5	90	70	6300
8	2016	6	30	15	450
8	2016	6	90	63	5670
8	2016	7	30	10	300
8	2016	7	90	73	6570
8	2016	8	30	8	240
8	2016	8	90	40	3600
8	2016	9	30	9	270
8	2016	9	90	54	4860
8	2016	10	30	5	150
8	2016	10	90	73	6570
8	2016	11	30	9	270
8	2016	11	90	76	6840
8	2016	12	30	10	300
8	2016	12	90	60	5400
8	2017	1	30	8	240
8	2017	1	90	65	5850
8	2017	2	30	5	150
8	2017	2	90	42	3780
8	2017	3	30	7	210
8	2017	3	90	63	5670
8	2017	4	30	7	210
8	2017	4	90	58	5220
8	2017	5	30	9	270
8	2017	5	90	63	5670
8	2017	6	30	5	150
8	2017	6	90	69	6210
8	2017	7	30	11	330
8	2017	7	90	49	4410
8	2017	8	30	6	180
8	2017	8	90	59	5310
8	2017	9	30	10	300
8	2017	9	90	62	5580
8	2017	10	30	8	240
8	2017	10	90	59	5310
8	2017	11	30	9	270
8	2017	11	90	79	7110
8	2017	12	30	8	240
8	2017	12	90	44	3960
8	2018	1	30	8	240
8	2018	1	90	55	4950
8	2018	2	30	9	270
8	2018	2	90	42	3780
8	2018	3	30	6	180
8	2018	3	90	43	3870
8	2018	4	30	9	270
8	2018	4	90	59	5310
8	2018	5	30	2	60
8	2018	5	90	65	5850
8	2018	6	30	9	270
8	2018	6	90	38	3420
8	2018	7	30	12	360
8	2018	7	90	54	4860
8	2018	8	10	1	10
8	2018	8	28	1	28
8	2018	8	30	6	180
8	2018	8	90	52	4680
8	2018	9	28	1	28
8	2018	9	30	8	240
8	2018	9	90	39	3510
8	2018	10	30	5	150
8	2018	10	90	49	4410
8	2018	11	7	1	7
8	2018	11	30	9	270
8	2018	11	90	66	5940
8	2018	12	30	7	210
8	2018	12	90	69	6210
8	2019	1	30	5	150
8	2019	1	90	40	3600
8	2019	2	30	4	120
8	2019	2	90	32	2880
8	2019	3	30	5	150
8	2019	3	90	51	4590
8	2019	4	30	8	240
8	2019	4	90	55	4950
8	2019	5	30	6	180
8	2019	5	90	53	4770
8	2019	6	30	5	150
8	2019	6	90	54	4860
8	2019	7	30	7	210
8	2019	7	90	32	2880
8	2019	8	30	4	120
8	2019	8	90	43	3870
8	2019	9	30	10	300
8	2019	9	35	3	105
8	2019	9	90	39	3510
8	2019	10	30	13	390
8	2019	10	90	45	4050
8	2019	11	30	5	150
8	2019	11	90	65	5850
8	2019	12	30	7	210
8	2019	12	90	50	4500
8	2020	1	7	1	7
8	2020	1	28	1	28
8	2020	1	30	5	150
8	2020	1	90	40	3600
8	2020	2	30	6	180
8	2020	2	90	37	3330
8	2020	3	30	5	150
8	2020	3	90	52	4680
8	2020	4	30	4	120
8	2020	4	90	54	4860
8	2020	5	30	3	90
8	2020	5	90	63	5670
8	2020	6	30	3	90
8	2020	6	90	48	4320
8	2020	7	30	5	150
8	2020	7	90	44	3960
8	2020	8	30	5	150
8	2020	8	90	36	3240
8	2020	9	30	3	90
8	2020	9	90	45	4050
8	2020	10	30	1	30
8	2020	10	90	64	5760
8	2020	11	30	7	210
8	2020	11	35	1	35
8	2020	11	90	58	5220
8	2020	12	30	2	60
8	2020	12	90	50	4500
8	2021	1	30	3	90
8	2021	1	90	47	4230
8	2021	2	30	5	150
8	2021	2	90	41	3690
8	2021	3	30	4	120
8	2021	3	90	66	5940
8	2021	4	30	2	60
8	2021	4	90	62	5580
8	2021	5	30	2	60
8	2021	5	90	49	4410
8	2021	6	30	9	270
8	2021	6	90	68	6120
8	2021	7	30	7	210
8	2021	7	90	52	4680
8	2021	8	30	10	300
8	2021	8	90	47	4230
8	2021	9	30	11	330
8	2021	9	90	54	4860
8	2021	10	30	4	120
8	2021	10	90	52	4680
8	2021	11	30	5	150
8	2021	11	90	60	5400
8	2021	12	30	3	90
8	2021	12	90	55	4950
9	2015	1	30	291	8730
9	2015	1	90	328	29520
9	2015	2	30	199	5970
9	2015	2	90	241	21690
9	2015	3	30	251	7530
9	2015	3	90	207	18630
9	2015	4	30	213	6390
9	2015	4	90	296	26640
9	2015	5	30	224	6720
9	2015	5	90	271	24390
9	2015	6	30	239	7170
9	2015	6	90	191	17190
9	2015	7	30	253	7590
9	2015	7	90	261	23490
9	2015	8	30	251	7530
9	2015	8	90	254	22860
9	2015	9	30	236	7080
9	2015	9	90	223	20070
9	2015	10	30	244	7320
9	2015	10	90	264	23760
9	2015	11	30	225	6750
9	2015	11	90	222	19980
9	2015	12	30	162	4860
9	2015	12	90	417	37530
9	2016	1	30	92	2760
9	2016	1	90	302	27180
9	2016	2	30	122	3660
9	2016	2	90	322	28980
9	2016	3	30	117	3510
9	2016	3	90	315	28350
9	2016	4	30	136	4080
9	2016	4	90	368	33120
9	2016	5	30	107	3210
9	2016	5	90	337	30330
9	2016	6	30	101	3030
9	2016	6	90	268	24120
9	2016	7	30	92	2760
9	2016	7	90	260	23400
9	2016	8	30	81	2430
9	2016	8	90	288	25920
9	2016	9	30	67	2010
9	2016	9	90	225	20250
9	2016	10	30	74	2220
9	2016	10	90	244	21960
9	2016	11	30	68	2040
9	2016	11	90	249	22410
9	2016	12	30	75	2250
9	2016	12	90	203	18270
9	2017	1	30	58	1740
9	2017	1	90	215	19350
9	2017	2	30	46	1380
9	2017	2	90	196	17640
9	2017	3	30	76	2280
9	2017	3	90	209	18810
9	2017	4	30	70	2100
9	2017	4	90	196	17640
9	2017	5	30	49	1470
9	2017	5	90	179	16110
9	2017	6	30	59	1770
9	2017	6	90	169	15210
9	2017	7	30	53	1590
9	2017	7	90	249	22410
9	2017	8	30	60	1800
9	2017	8	90	227	20430
9	2017	9	28	1	28
9	2017	9	30	55	1650
9	2017	9	90	189	17010
9	2017	10	28	1	28
9	2017	10	30	47	1410
9	2017	10	90	167	15030
9	2017	11	28	1	28
9	2017	11	30	55	1650
9	2017	11	90	212	19080
9	2017	12	28	3	84
9	2017	12	30	43	1290
9	2017	12	90	165	14850
9	2018	1	28	1	28
9	2018	1	30	38	1140
9	2018	1	90	136	12240
9	2018	2	28	1	28
9	2018	2	30	44	1320
9	2018	2	90	121	10890
9	2018	3	30	34	1020
9	2018	3	90	144	12960
9	2018	4	30	34	1020
9	2018	4	60	1	60
9	2018	4	90	103	9270
9	2018	5	30	42	1260
9	2018	5	90	157	14130
9	2018	6	30	36	1080
9	2018	6	60	1	60
9	2018	6	90	129	11610
9	2018	7	30	45	1350
9	2018	7	90	121	10890
9	2018	8	10	1	10
9	2018	8	30	41	1230
9	2018	8	90	162	14580
9	2018	9	30	32	960
9	2018	9	90	117	10530
9	2018	10	30	36	1080
9	2018	10	90	159	14310
9	2018	11	30	19	570
9	2018	11	90	140	12600
9	2018	12	30	29	870
9	2018	12	35	1	35
9	2018	12	90	121	10890
9	2019	1	28	1	28
9	2019	1	30	30	900
9	2019	1	90	122	10980
9	2019	2	10	18	180
9	2019	2	30	23	690
9	2019	2	90	117	10530
9	2019	3	10	4	40
9	2019	3	30	24	720
9	2019	3	90	134	12060
9	2019	4	30	23	690
9	2019	4	90	127	11430
9	2019	5	30	30	900
9	2019	5	90	114	10260
9	2019	6	30	26	780
9	2019	6	90	100	9000
9	2019	7	30	31	930
9	2019	7	35	1	35
9	2019	7	90	137	12330
9	2019	8	30	28	840
9	2019	8	35	1	35
9	2019	8	84	1	84
9	2019	8	90	126	11340
9	2019	9	30	53	1590
9	2019	9	35	29	1015
9	2019	9	84	16	1344
9	2019	9	90	121	10890
9	2019	10	30	51	1530
9	2019	10	35	21	735
9	2019	10	60	1	60
9	2019	10	84	23	1932
9	2019	10	90	151	13590
9	2019	11	7	1	7
9	2019	11	30	47	1410
9	2019	11	35	26	910
9	2019	11	84	19	1596
9	2019	11	90	152	13680
9	2019	12	30	48	1440
9	2019	12	35	17	595
9	2019	12	84	10	840
9	2019	12	90	131	11790
9	2020	1	30	47	1410
9	2020	1	35	14	490
9	2020	1	84	30	2520
9	2020	1	90	152	13680
9	2020	2	30	33	990
9	2020	2	35	15	525
9	2020	2	60	1	60
9	2020	2	84	19	1596
9	2020	2	90	160	14400
9	2020	3	30	46	1380
9	2020	3	35	8	280
9	2020	3	84	26	2184
9	2020	3	90	180	16200
9	2020	4	30	31	930
9	2020	4	35	4	140
9	2020	4	84	11	924
9	2020	4	90	147	13230
9	2020	5	28	1	28
9	2020	5	30	30	900
9	2020	5	35	6	210
9	2020	5	84	17	1428
9	2020	5	90	159	14310
9	2020	6	28	2	56
9	2020	6	30	41	1230
9	2020	6	35	11	385
9	2020	6	84	26	2184
9	2020	6	90	142	12780
9	2020	7	28	1	28
9	2020	7	30	47	1410
9	2020	7	35	10	350
9	2020	7	84	17	1428
9	2020	7	90	202	18180
9	2020	8	28	1	28
9	2020	8	30	30	900
9	2020	8	35	14	490
9	2020	8	60	1	60
9	2020	8	84	30	2520
9	2020	8	90	156	14040
9	2020	9	28	1	28
9	2020	9	30	41	1230
9	2020	9	35	7	245
9	2020	9	84	31	2604
9	2020	9	90	168	15120
9	2020	10	28	1	28
9	2020	10	30	40	1200
9	2020	10	35	13	455
9	2020	10	84	28	2352
9	2020	10	90	189	17010
9	2020	11	30	42	1260
9	2020	11	35	14	490
9	2020	11	60	2	120
9	2020	11	84	24	2016
9	2020	11	90	187	16830
9	2020	12	30	41	1230
9	2020	12	35	11	385
9	2020	12	60	1	60
9	2020	12	84	5	420
9	2020	12	90	210	18900
9	2021	1	30	41	1230
9	2021	1	35	7	245
9	2021	1	60	1	60
9	2021	1	84	6	504
9	2021	1	90	195	17550
9	2021	2	30	47	1410
9	2021	2	35	8	280
9	2021	2	84	9	756
9	2021	2	90	178	16020
9	2021	3	30	49	1470
9	2021	3	84	9	756
9	2021	3	90	229	20610
9	2021	4	30	46	1380
9	2021	4	84	11	924
9	2021	4	90	235	21150
9	2021	5	30	50	1500
9	2021	5	35	4	140
9	2021	5	84	14	1176
9	2021	5	90	180	16200
9	2021	6	30	63	1890
9	2021	6	35	6	210
9	2021	6	60	1	60
9	2021	6	84	14	1176
9	2021	6	90	206	18540
9	2021	7	30	62	1860
9	2021	7	35	3	105
9	2021	7	60	2	120
9	2021	7	84	6	504
9	2021	7	90	296	26640
9	2021	8	30	59	1770
9	2021	8	84	4	336
9	2021	8	90	185	16650
9	2021	9	30	57	1710
9	2021	9	35	4	140
9	2021	9	60	1	60
9	2021	9	84	10	840
9	2021	9	90	232	20880
9	2021	10	30	45	1350
9	2021	10	84	7	588
9	2021	10	90	264	23760
9	2021	11	30	68	2040
9	2021	11	35	3	105
9	2021	11	84	6	504
9	2021	11	90	212	19080
9	2021	12	30	62	1860
9	2021	12	35	7	245
9	2021	12	60	2	120
9	2021	12	84	11	924
9	2021	12	90	247	22230
10	2015	1	30	320	9600
10	2015	1	90	1318	118620
10	2015	2	30	258	7740
10	2015	2	90	974	87660
10	2015	3	30	337	10110
10	2015	3	90	952	85680
10	2015	4	30	293	8790
10	2015	4	90	1323	119070
10	2015	5	30	303	9090
10	2015	5	90	1007	90630
10	2015	6	30	328	9840
10	2015	6	90	969	87210
10	2015	7	30	310	9300
10	2015	7	90	1420	127800
10	2015	8	30	305	9150
10	2015	8	90	1092	98280
10	2015	9	30	307	9210
10	2015	9	90	899	80910
10	2015	10	30	302	9060
10	2015	10	90	1469	132210
10	2015	11	30	312	9360
10	2015	11	90	1067	96030
10	2015	12	30	308	9240
10	2015	12	90	952	85680
10	2016	1	30	271	8130
10	2016	1	90	1206	108540
10	2016	2	30	270	8100
10	2016	2	90	1070	96300
10	2016	3	30	285	8550
10	2016	3	90	882	79380
10	2016	4	30	242	7260
10	2016	4	90	1346	121140
10	2016	5	30	246	7380
10	2016	5	90	933	83970
10	2016	6	30	205	6150
10	2016	6	90	618	55620
10	2016	7	30	152	4560
10	2016	7	90	737	66330
10	2016	8	30	162	4860
10	2016	8	90	573	51570
10	2016	9	30	141	4230
10	2016	9	90	496	44640
10	2016	10	30	123	3690
10	2016	10	90	575	51750
10	2016	11	30	129	3870
10	2016	11	90	481	43290
10	2016	12	30	114	3420
10	2016	12	90	381	34290
10	2017	1	30	102	3060
10	2017	1	90	525	47250
10	2017	2	30	97	2910
10	2017	2	90	334	30060
10	2017	3	30	105	3150
10	2017	3	90	361	32490
10	2017	4	30	94	2820
10	2017	4	90	445	40050
10	2017	5	30	103	3090
10	2017	5	90	413	37170
10	2017	6	30	101	3030
10	2017	6	90	287	25830
10	2017	7	30	99	2970
10	2017	7	90	451	40590
10	2017	8	28	1	28
10	2017	8	28	1	28
10	2017	8	30	87	2610
10	2017	8	90	359	32310
10	2017	9	28	2	56
10	2017	9	30	81	2430
10	2017	9	90	290	26100
10	2017	10	28	7	196
10	2017	10	30	88	2640
10	2017	10	90	416	37440
10	2017	11	30	95	2850
10	2017	11	90	344	30960
10	2017	12	10	1	10
10	2017	12	10	1	10
10	2017	12	28	3	84
10	2017	12	28	3	84
10	2017	12	30	103	3090
10	2017	12	90	266	23940
10	2018	1	28	4	112
10	2018	1	30	92	2760
10	2018	1	90	429	38610
10	2018	2	28	2	56
10	2018	2	28	2	56
10	2018	2	30	76	2280
10	2018	2	90	339	30510
10	2018	3	30	89	2670
10	2018	3	90	289	26010
10	2018	4	28	2	56
10	2018	4	28	2	56
10	2018	4	30	78	2340
10	2018	4	90	444	39960
10	2018	5	30	109	3270
10	2018	5	90	370	33300
10	2018	6	28	1	28
10	2018	6	30	90	2700
10	2018	6	90	314	28260
10	2018	7	28	1	28
10	2018	7	28	1	28
10	2018	7	30	101	3030
10	2018	7	90	468	42120
10	2018	8	30	103	3090
10	2018	8	90	387	34830
10	2018	9	10	1	10
10	2018	9	10	1	10
10	2018	9	28	1	28
10	2018	9	28	1	28
10	2018	9	30	94	2820
10	2018	9	90	288	25920
10	2018	10	10	1	10
10	2018	10	10	1	10
10	2018	10	30	95	2850
10	2018	10	90	474	42660
10	2018	11	30	87	2610
10	2018	11	90	370	33300
10	2018	12	10	1	10
10	2018	12	10	1	10
10	2018	12	30	75	2250
10	2018	12	35	1	35
10	2018	12	35	1	35
10	2018	12	90	276	24840
10	2019	1	30	69	2070
10	2019	1	90	379	34110
10	2019	2	30	75	2250
10	2019	2	90	280	25200
10	2019	3	30	72	2160
10	2019	3	90	234	21060
10	2019	4	30	73	2190
10	2019	4	90	364	32760
10	2019	5	30	82	2460
10	2019	5	90	299	26910
10	2019	6	30	68	2040
10	2019	6	90	217	19530
10	2019	7	30	95	2850
10	2019	7	35	2	70
10	2019	7	90	433	38970
10	2019	8	30	83	2490
10	2019	8	90	336	30240
10	2019	9	30	194	5820
10	2019	9	35	23	805
10	2019	9	84	23	1932
10	2019	9	90	410	36900
10	2019	10	30	251	7530
10	2019	10	35	23	805
10	2019	10	84	7	588
10	2019	10	90	562	50580
10	2019	11	30	236	7080
10	2019	11	35	16	560
10	2019	11	84	12	1008
10	2019	11	90	467	42030
10	2019	12	28	1	28
10	2019	12	28	1	28
10	2019	12	30	221	6630
10	2019	12	35	22	770
10	2019	12	84	3	252
10	2019	12	90	500	45000
10	2020	1	30	252	7560
10	2020	1	35	9	315
10	2020	1	60	1	60
10	2020	1	60	1	60
10	2020	1	84	8	672
10	2020	1	90	991	89190
10	2020	2	30	299	8970
10	2020	2	35	4	140
10	2020	2	84	3	252
10	2020	2	90	753	67770
10	2020	3	30	266	7980
10	2020	3	35	5	175
10	2020	3	84	3	252
10	2020	3	90	912	82080
10	2020	4	30	171	5130
10	2020	4	35	5	175
10	2020	4	60	1	60
10	2020	4	60	1	60
10	2020	4	84	3	252
10	2020	4	90	839	75510
10	2020	5	30	187	5610
10	2020	5	35	6	210
10	2020	5	84	3	252
10	2020	5	90	746	67140
10	2020	6	30	230	6900
10	2020	6	35	3	105
10	2020	6	84	8	672
10	2020	6	90	825	74250
10	2020	7	30	239	7170
10	2020	7	35	4	140
10	2020	7	84	3	252
10	2020	7	90	1017	91530
10	2020	8	30	250	7500
10	2020	8	35	5	175
10	2020	8	84	2	168
10	2020	8	90	876	78840
10	2020	9	30	252	7560
10	2020	9	35	4	140
10	2020	9	84	14	1176
10	2020	9	90	896	80640
10	2020	10	30	241	7230
10	2020	10	35	3	105
10	2020	10	84	4	336
10	2020	10	90	1186	106740
10	2020	11	7	1	7
10	2020	11	7	1	7
10	2020	11	30	256	7680
10	2020	11	35	5	175
10	2020	11	84	11	924
10	2020	11	90	1059	95310
10	2020	12	30	261	7830
10	2020	12	35	12	420
10	2020	12	84	7	588
10	2020	12	90	983	88470
10	2021	1	30	220	6600
10	2021	1	35	3	105
10	2021	1	84	6	504
10	2021	1	90	1165	104850
10	2021	2	30	215	6450
10	2021	2	35	1	35
10	2021	2	84	4	336
10	2021	2	90	1026	92340
10	2021	3	10	2	20
10	2021	3	10	2	20
10	2021	3	30	289	8670
10	2021	3	35	4	140
10	2021	3	84	6	504
10	2021	3	90	1051	94590
10	2021	4	30	212	6360
10	2021	4	35	2	70
10	2021	4	84	9	756
10	2021	4	90	1203	108270
10	2021	5	30	249	7470
10	2021	5	35	2	70
10	2021	5	84	8	672
10	2021	5	90	1067	96030
10	2021	6	30	325	9750
10	2021	6	35	4	140
10	2021	6	84	4	336
10	2021	6	90	1042	93780
10	2021	7	30	227	6810
10	2021	7	35	4	140
10	2021	7	84	2	168
10	2021	7	90	1284	115560
10	2021	8	30	294	8820
10	2021	8	35	2	70
10	2021	8	35	2	70
10	2021	8	84	6	504
10	2021	8	90	1207	108630
10	2021	9	10	2	20
10	2021	9	10	2	20
10	2021	9	30	245	7350
10	2021	9	35	5	175
10	2021	9	84	2	168
10	2021	9	90	1122	100980
10	2021	10	30	257	7710
10	2021	10	35	3	105
10	2021	10	60	1	60
10	2021	10	60	1	60
10	2021	10	84	5	420
10	2021	10	90	1326	119340
10	2021	11	7	1	7
10	2021	11	7	1	7
10	2021	11	30	279	8370
10	2021	11	35	1	35
10	2021	11	84	10	840
10	2021	11	90	1264	113760
10	2021	12	30	289	8670
10	2021	12	35	3	105
10	2021	12	84	1	84
10	2021	12	90	1175	105750
11	2015	1	30	23	690
11	2015	1	90	143	12870
11	2015	2	30	30	900
11	2015	2	90	155	13950
11	2015	3	30	30	900
11	2015	3	90	151	13590
11	2015	4	30	24	720
11	2015	4	90	163	14670
11	2015	5	30	31	930
11	2015	5	90	156	14040
11	2015	6	30	28	840
11	2015	6	90	136	12240
11	2015	7	30	33	990
11	2015	7	90	166	14940
11	2015	8	30	33	990
11	2015	8	90	154	13860
11	2015	9	30	24	720
11	2015	9	90	133	11970
11	2015	10	30	29	870
11	2015	10	90	172	15480
11	2015	11	30	25	750
11	2015	11	90	152	13680
11	2015	12	30	19	570
11	2015	12	90	141	12690
11	2016	1	30	29	870
11	2016	1	90	132	11880
11	2016	2	30	29	870
11	2016	2	90	150	13500
11	2016	3	30	24	720
11	2016	3	90	126	11340
11	2016	4	30	24	720
11	2016	4	90	142	12780
11	2016	5	30	21	630
11	2016	5	90	117	10530
11	2016	6	30	26	780
11	2016	6	90	102	9180
11	2016	7	30	15	450
11	2016	7	90	89	8010
11	2016	8	30	24	720
11	2016	8	90	79	7110
11	2016	9	30	12	360
11	2016	9	90	86	7740
11	2016	10	30	13	390
11	2016	10	90	73	6570
11	2016	11	30	15	450
11	2016	11	90	72	6480
11	2016	12	30	16	480
11	2016	12	90	62	5580
11	2017	1	30	16	480
11	2017	1	90	52	4680
11	2017	2	30	12	360
11	2017	2	90	63	5670
11	2017	3	30	10	300
11	2017	3	90	63	5670
11	2017	4	30	13	390
11	2017	4	90	57	5130
11	2017	5	30	14	420
11	2017	5	90	51	4590
11	2017	6	30	17	510
11	2017	6	90	52	4680
11	2017	7	30	14	420
11	2017	7	90	53	4770
11	2017	8	30	11	330
11	2017	8	90	55	4950
11	2017	9	30	14	420
11	2017	9	90	53	4770
11	2017	10	30	9	270
11	2017	10	90	54	4860
11	2017	11	30	10	300
11	2017	11	90	43	3870
11	2017	12	30	10	300
11	2017	12	90	40	3600
11	2018	1	28	1	28
11	2018	1	30	11	330
11	2018	1	90	52	4680
11	2018	2	30	12	360
11	2018	2	90	30	2700
11	2018	3	28	1	28
11	2018	3	30	12	360
11	2018	3	90	54	4860
11	2018	4	30	11	330
11	2018	4	90	36	3240
11	2018	5	30	10	300
11	2018	5	90	36	3240
11	2018	6	28	1	28
11	2018	6	30	8	240
11	2018	6	90	54	4860
11	2018	7	30	11	330
11	2018	7	90	36	3240
11	2018	8	30	11	330
11	2018	8	90	37	3330
11	2018	9	28	2	56
11	2018	9	30	11	330
11	2018	9	84	1	84
11	2018	9	90	32	2880
11	2018	10	30	13	390
11	2018	10	90	36	3240
11	2018	11	10	1	10
11	2018	11	30	8	240
11	2018	11	90	36	3240
11	2018	12	30	6	180
11	2018	12	90	38	3420
11	2019	1	30	7	210
11	2019	1	90	39	3510
11	2019	2	30	4	120
11	2019	2	90	36	3240
11	2019	3	28	1	28
11	2019	3	30	5	150
11	2019	3	90	41	3690
11	2019	4	30	9	270
11	2019	4	90	33	2970
11	2019	5	30	6	180
11	2019	5	90	41	3690
11	2019	6	28	1	28
11	2019	6	30	10	300
11	2019	6	90	34	3060
11	2019	7	30	13	390
11	2019	7	90	33	2970
11	2019	8	30	14	420
11	2019	8	90	33	2970
11	2019	9	30	13	390
11	2019	9	35	5	175
11	2019	9	84	14	1176
11	2019	9	90	53	4770
11	2019	10	30	9	270
11	2019	10	35	17	595
11	2019	10	84	18	1512
11	2019	10	90	36	3240
11	2019	11	30	10	300
11	2019	11	35	12	420
11	2019	11	84	20	1680
11	2019	11	90	38	3420
11	2019	12	30	15	450
11	2019	12	35	16	560
11	2019	12	84	5	420
11	2019	12	90	50	4500
11	2020	1	30	11	330
11	2020	1	35	13	455
11	2020	1	84	11	924
11	2020	1	90	55	4950
11	2020	2	30	15	450
11	2020	2	35	11	385
11	2020	2	84	10	840
11	2020	2	90	59	5310
11	2020	3	28	1	28
11	2020	3	30	24	720
11	2020	3	35	8	280
11	2020	3	84	13	1092
11	2020	3	90	59	5310
11	2020	4	30	5	150
11	2020	4	35	6	210
11	2020	4	84	7	588
11	2020	4	90	52	4680
11	2020	5	30	6	180
11	2020	5	35	11	385
11	2020	5	84	12	1008
11	2020	5	90	44	3960
11	2020	6	28	1	28
11	2020	6	30	15	450
11	2020	6	35	5	175
11	2020	6	84	18	1512
11	2020	6	90	50	4500
11	2020	7	30	18	540
11	2020	7	35	10	350
11	2020	7	84	22	1848
11	2020	7	90	67	6030
11	2020	8	30	13	390
11	2020	8	35	5	175
11	2020	8	84	24	2016
11	2020	8	90	63	5670
11	2020	9	30	15	450
11	2020	9	35	9	315
11	2020	9	60	1	60
11	2020	9	84	23	1932
11	2020	9	90	60	5400
11	2020	10	30	15	450
11	2020	10	35	23	805
11	2020	10	84	22	1848
11	2020	10	90	56	5040
11	2020	11	30	11	330
11	2020	11	35	14	490
11	2020	11	84	35	2940
11	2020	11	90	71	6390
11	2020	12	30	9	270
11	2020	12	35	28	980
11	2020	12	84	13	1092
11	2020	12	90	74	6660
11	2021	1	30	13	390
11	2021	1	35	20	700
11	2021	1	84	14	1176
11	2021	1	90	63	5670
11	2021	2	30	15	450
11	2021	2	35	11	385
11	2021	2	84	14	1176
11	2021	2	90	92	8280
11	2021	3	28	1	28
11	2021	3	30	22	660
11	2021	3	35	20	700
11	2021	3	60	1	60
11	2021	3	84	23	1932
11	2021	3	90	82	7380
11	2021	4	30	24	720
11	2021	4	35	12	420
11	2021	4	84	23	1932
11	2021	4	90	85	7650
11	2021	5	30	10	300
11	2021	5	35	3	105
11	2021	5	60	1	60
11	2021	5	84	19	1596
11	2021	5	90	81	7290
11	2021	6	30	19	570
11	2021	6	35	13	455
11	2021	6	84	21	1764
11	2021	6	90	82	7380
11	2021	7	30	30	900
11	2021	7	35	5	175
11	2021	7	84	14	1176
11	2021	7	90	91	8190
11	2021	8	30	19	570
11	2021	8	35	3	105
11	2021	8	84	4	336
11	2021	8	90	116	10440
11	2021	9	30	19	570
11	2021	9	35	7	245
11	2021	9	84	11	924
11	2021	9	90	94	8460
11	2021	10	30	26	780
11	2021	10	35	7	245
11	2021	10	84	21	1764
11	2021	10	90	96	8640
11	2021	11	30	16	480
11	2021	11	35	6	210
11	2021	11	84	26	2184
11	2021	11	90	99	8910
11	2021	12	30	22	660
11	2021	12	35	4	140
11	2021	12	84	19	1596
11	2021	12	90	114	10260
12	2015	1	30	12	360
12	2015	1	90	66	5940
12	2015	2	30	12	360
12	2015	2	90	55	4950
12	2015	3	30	10	300
12	2015	3	90	46	4140
12	2015	4	30	11	330
12	2015	4	90	55	4950
12	2015	5	30	9	270
12	2015	5	90	44	3960
12	2015	6	30	15	450
12	2015	6	90	46	4140
12	2015	7	30	14	420
12	2015	7	90	65	5850
12	2015	8	30	5	150
12	2015	8	90	38	3420
12	2015	9	30	11	330
12	2015	9	90	45	4050
12	2015	10	30	14	420
12	2015	10	90	53	4770
12	2015	11	30	6	180
12	2015	11	90	55	4950
12	2015	12	30	6	180
12	2015	12	90	38	3420
12	2016	1	30	5	150
12	2016	1	90	54	4860
12	2016	2	30	9	270
12	2016	2	90	46	4140
12	2016	3	30	9	270
12	2016	3	90	34	3060
12	2016	4	30	13	390
12	2016	4	90	52	4680
12	2016	5	30	11	330
12	2016	5	90	37	3330
12	2016	6	30	7	210
12	2016	6	90	24	2160
12	2016	7	30	8	240
12	2016	7	90	22	1980
12	2016	8	30	5	150
12	2016	8	90	15	1350
12	2016	9	30	6	180
12	2016	9	90	9	810
12	2016	10	30	4	120
12	2016	10	90	18	1620
12	2016	11	30	3	90
12	2016	11	90	15	1350
12	2016	12	30	4	120
12	2016	12	90	14	1260
12	2017	1	30	6	180
12	2017	1	90	14	1260
12	2017	2	30	1	30
12	2017	2	90	7	630
12	2017	3	30	2	60
12	2017	3	90	9	810
12	2017	4	90	4	360
12	2017	5	90	7	630
12	2017	6	30	8	240
12	2017	6	90	10	900
12	2017	7	30	6	180
12	2017	7	90	14	1260
12	2017	8	30	5	150
12	2017	8	90	17	1530
12	2017	9	30	1	30
12	2017	9	90	6	540
12	2017	10	30	3	90
12	2017	10	90	10	900
12	2017	11	28	2	56
12	2017	11	30	2	60
12	2017	11	90	13	1170
12	2017	12	30	3	90
12	2017	12	90	8	720
12	2018	1	30	1	30
12	2018	1	90	10	900
12	2018	2	30	3	90
12	2018	2	90	6	540
12	2018	3	30	3	90
12	2018	3	90	10	900
12	2018	4	90	5	450
12	2018	5	30	1	30
12	2018	5	90	10	900
12	2018	6	30	3	90
12	2018	6	90	7	630
12	2018	7	90	11	990
12	2018	8	30	1	30
12	2018	8	90	5	450
12	2018	9	30	4	120
12	2018	9	90	6	540
12	2018	10	30	2	60
12	2018	10	90	9	810
12	2018	11	30	1	30
12	2018	11	90	7	630
12	2018	12	30	3	90
12	2018	12	90	2	180
12	2019	1	30	4	120
12	2019	1	90	7	630
12	2019	2	90	3	270
12	2019	3	30	4	120
12	2019	3	90	5	450
12	2019	4	30	4	120
12	2019	4	90	8	720
12	2019	5	30	2	60
12	2019	5	90	5	450
12	2019	6	30	4	120
12	2019	6	90	3	270
12	2019	7	30	4	120
12	2019	7	90	7	630
12	2019	8	30	2	60
12	2019	8	90	6	540
12	2019	9	30	15	450
12	2019	9	35	2	70
12	2019	9	84	8	672
12	2019	9	90	20	1800
12	2019	10	30	15	450
12	2019	10	84	7	588
12	2019	10	90	25	2250
12	2019	11	30	12	360
12	2019	11	84	6	504
12	2019	11	90	16	1440
12	2019	12	30	12	360
12	2019	12	35	1	35
12	2019	12	84	1	84
12	2019	12	90	31	2790
12	2020	1	30	12	360
12	2020	1	35	3	105
12	2020	1	84	8	672
12	2020	1	90	23	2070
12	2020	2	30	8	240
12	2020	2	84	2	168
12	2020	2	90	33	2970
12	2020	3	30	10	300
12	2020	3	35	1	35
12	2020	3	84	2	168
12	2020	3	90	32	2880
12	2020	4	30	9	270
12	2020	4	84	4	336
12	2020	4	90	26	2340
12	2020	5	30	4	120
12	2020	5	84	3	252
12	2020	5	90	28	2520
12	2020	6	30	9	270
12	2020	6	84	3	252
12	2020	6	90	27	2430
12	2020	7	30	7	210
12	2020	7	84	6	504
12	2020	7	90	25	2250
12	2020	8	30	5	150
12	2020	8	84	2	168
12	2020	8	90	47	4230
12	2020	9	30	6	180
12	2020	9	84	5	420
12	2020	9	90	22	1980
12	2020	10	30	7	210
12	2020	10	35	2	70
12	2020	10	84	8	672
12	2020	10	90	33	2970
12	2020	11	30	4	120
12	2020	11	84	1	84
12	2020	11	90	36	3240
12	2020	12	30	8	240
12	2020	12	35	4	140
12	2020	12	84	3	252
12	2020	12	90	33	2970
12	2021	1	30	7	210
12	2021	1	84	9	756
12	2021	1	90	42	3780
12	2021	2	30	9	270
12	2021	2	84	2	168
12	2021	2	90	25	2250
12	2021	3	30	8	240
12	2021	3	84	5	420
12	2021	3	90	28	2520
12	2021	4	30	4	120
12	2021	4	84	5	420
12	2021	4	90	35	3150
12	2021	5	30	12	360
12	2021	5	84	6	504
12	2021	5	90	29	2610
12	2021	6	30	7	210
12	2021	6	60	1	60
12	2021	6	84	5	420
12	2021	6	90	35	3150
12	2021	7	30	7	210
12	2021	7	35	1	35
12	2021	7	84	5	420
12	2021	7	90	41	3690
12	2021	8	30	8	240
12	2021	8	84	2	168
12	2021	8	90	33	2970
12	2021	9	30	8	240
12	2021	9	84	9	756
12	2021	9	90	42	3780
12	2021	10	30	18	540
12	2021	10	84	7	588
12	2021	10	90	36	3240
12	2021	11	30	10	300
12	2021	11	84	9	756
12	2021	11	90	49	4410
12	2021	12	30	14	420
12	2021	12	84	5	420
12	2021	12	90	40	3600
13	2015	1	30	33	990
13	2015	1	90	149	13410
13	2015	2	30	37	1110
13	2015	2	90	128	11520
13	2015	3	30	35	1050
13	2015	3	90	95	8550
13	2015	4	30	34	1020
13	2015	4	90	150	13500
13	2015	5	30	25	750
13	2015	5	90	126	11340
13	2015	6	30	32	960
13	2015	6	90	84	7560
13	2015	7	30	25	750
13	2015	7	90	154	13860
13	2015	8	30	29	870
13	2015	8	90	118	10620
13	2015	9	30	41	1230
13	2015	9	90	93	8370
13	2015	10	30	36	1080
13	2015	10	90	150	13500
13	2015	11	30	31	930
13	2015	11	90	127	11430
13	2015	12	30	63	1890
13	2015	12	90	91	8190
13	2016	1	30	31	930
13	2016	1	90	145	13050
13	2016	2	30	35	1050
13	2016	2	90	158	14220
13	2016	3	30	23	690
13	2016	3	90	87	7830
13	2016	4	30	26	780
13	2016	4	90	167	15030
13	2016	5	30	26	780
13	2016	5	90	134	12060
13	2016	6	30	21	630
13	2016	6	90	84	7560
13	2016	7	30	18	540
13	2016	7	90	120	10800
13	2016	8	30	11	330
13	2016	8	90	86	7740
13	2016	9	30	26	780
13	2016	9	90	55	4950
13	2016	10	30	13	390
13	2016	10	90	96	8640
13	2016	11	30	14	420
13	2016	11	90	77	6930
13	2016	12	30	14	420
13	2016	12	90	73	6570
13	2017	1	30	17	510
13	2017	1	90	81	7290
13	2017	2	30	10	300
13	2017	2	90	55	4950
13	2017	3	30	21	630
13	2017	3	90	75	6750
13	2017	4	30	13	390
13	2017	4	90	69	6210
13	2017	5	30	18	540
13	2017	5	90	75	6750
13	2017	6	30	11	330
13	2017	6	90	55	4950
13	2017	7	30	21	630
13	2017	7	90	81	7290
13	2017	8	30	18	540
13	2017	8	90	58	5220
13	2017	9	30	11	330
13	2017	9	90	54	4860
13	2017	10	30	11	330
13	2017	10	90	72	6480
13	2017	11	30	9	270
13	2017	11	90	54	4860
13	2017	12	28	1	28
13	2017	12	30	7	210
13	2017	12	90	44	3960
13	2018	1	30	15	450
13	2018	1	90	62	5580
13	2018	2	30	11	330
13	2018	2	90	51	4590
13	2018	3	30	13	390
13	2018	3	90	55	4950
13	2018	4	30	15	450
13	2018	4	90	55	4950
13	2018	5	30	14	420
13	2018	5	90	49	4410
13	2018	6	28	1	28
13	2018	6	30	11	330
13	2018	6	90	47	4230
13	2018	7	30	13	390
13	2018	7	90	58	5220
13	2018	8	30	17	510
13	2018	8	90	50	4500
13	2018	9	30	13	390
13	2018	9	90	43	3870
13	2018	10	30	13	390
13	2018	10	90	57	5130
13	2018	11	30	16	480
13	2018	11	90	57	5130
13	2018	12	30	10	300
13	2018	12	35	3	105
13	2018	12	90	43	3870
13	2019	1	30	10	300
13	2019	1	90	42	3780
13	2019	2	30	13	390
13	2019	2	90	53	4770
13	2019	3	30	10	300
13	2019	3	90	42	3780
13	2019	4	30	12	360
13	2019	4	90	43	3870
13	2019	5	30	9	270
13	2019	5	90	41	3690
13	2019	6	30	12	360
13	2019	6	90	37	3330
13	2019	7	30	16	480
13	2019	7	90	39	3510
13	2019	8	30	18	540
13	2019	8	90	46	4140
13	2019	9	30	60	1800
13	2019	9	35	10	350
13	2019	9	84	5	420
13	2019	9	90	83	7470
13	2019	10	30	66	1980
13	2019	10	84	7	588
13	2019	10	90	103	9270
13	2019	11	30	50	1500
13	2019	11	35	1	35
13	2019	11	84	7	588
13	2019	11	90	99	8910
13	2019	12	30	47	1410
13	2019	12	35	5	175
13	2019	12	84	1	84
13	2019	12	90	125	11250
13	2020	1	30	58	1740
13	2020	1	35	2	70
13	2020	1	84	2	168
13	2020	1	90	120	10800
13	2020	2	30	57	1710
13	2020	2	35	2	70
13	2020	2	84	4	336
13	2020	2	90	136	12240
13	2020	3	30	51	1530
13	2020	3	35	3	105
13	2020	3	84	1	84
13	2020	3	90	102	9180
13	2020	4	30	31	930
13	2020	4	84	2	168
13	2020	4	90	109	9810
13	2020	5	30	30	900
13	2020	5	35	1	35
13	2020	5	84	1	84
13	2020	5	90	134	12060
13	2020	6	30	44	1320
13	2020	6	84	3	252
13	2020	6	90	124	11160
13	2020	7	30	42	1260
13	2020	7	84	3	252
13	2020	7	90	147	13230
13	2020	8	30	31	930
13	2020	8	84	1	84
13	2020	8	90	142	12780
13	2020	9	30	49	1470
13	2020	9	84	4	336
13	2020	9	90	132	11880
13	2020	10	30	48	1440
13	2020	10	84	3	252
13	2020	10	90	181	16290
13	2020	11	30	47	1410
13	2020	11	84	1	84
13	2020	11	90	176	15840
13	2020	12	30	49	1470
13	2020	12	35	2	70
13	2020	12	90	159	14310
13	2021	1	30	49	1470
13	2021	1	84	2	168
13	2021	1	90	188	16920
13	2021	2	30	46	1380
13	2021	2	35	1	35
13	2021	2	84	1	84
13	2021	2	90	179	16110
13	2021	3	30	48	1440
13	2021	3	90	170	15300
13	2021	4	30	52	1560
13	2021	4	60	1	60
13	2021	4	84	1	84
13	2021	4	90	192	17280
13	2021	5	30	41	1230
13	2021	5	84	3	252
13	2021	5	90	179	16110
13	2021	6	30	51	1530
13	2021	6	60	1	60
13	2021	6	90	182	16380
13	2021	7	30	58	1740
13	2021	7	84	3	252
13	2021	7	90	245	22050
13	2021	8	30	52	1560
13	2021	8	90	182	16380
13	2021	9	30	40	1200
13	2021	9	35	1	35
13	2021	9	60	1	60
13	2021	9	90	179	16110
13	2021	10	30	69	2070
13	2021	10	35	3	105
13	2021	10	84	1	84
13	2021	10	90	245	22050
13	2021	11	30	73	2190
13	2021	11	35	1	35
13	2021	11	90	235	21150
13	2021	12	30	44	1320
13	2021	12	90	226	20340
14	2015	1	30	21	630
14	2015	1	90	47	4230
14	2015	2	30	16	480
14	2015	2	90	47	4230
14	2015	3	30	13	390
14	2015	3	90	40	3600
14	2015	4	30	22	660
14	2015	4	90	26	2340
14	2015	5	30	21	630
14	2015	5	90	50	4500
14	2015	6	30	17	510
14	2015	6	90	44	3960
14	2015	7	30	17	510
14	2015	7	90	57	5130
14	2015	8	30	26	780
14	2015	8	90	42	3780
14	2015	9	30	17	510
14	2015	9	90	54	4860
14	2015	10	30	9	270
14	2015	10	90	40	3600
14	2015	11	30	21	630
14	2015	11	90	49	4410
14	2015	12	30	9	270
14	2015	12	90	43	3870
14	2016	1	30	7	210
14	2016	1	90	44	3960
14	2016	2	30	7	210
14	2016	2	90	48	4320
14	2016	3	30	8	240
14	2016	3	90	45	4050
14	2016	4	30	6	180
14	2016	4	90	45	4050
14	2016	5	30	12	360
14	2016	5	90	49	4410
14	2016	6	30	6	180
14	2016	6	90	27	2430
14	2016	7	30	6	180
14	2016	7	90	34	3060
14	2016	8	30	5	150
14	2016	8	90	34	3060
14	2016	9	30	5	150
14	2016	9	90	24	2160
14	2016	10	30	7	210
14	2016	10	90	30	2700
14	2016	11	30	4	120
14	2016	11	90	25	2250
14	2016	12	30	6	180
14	2016	12	90	24	2160
14	2017	1	30	6	180
14	2017	1	90	34	3060
14	2017	2	30	5	150
14	2017	2	90	18	1620
14	2017	3	30	6	180
14	2017	3	90	29	2610
14	2017	4	30	5	150
14	2017	4	90	23	2070
14	2017	5	30	1	30
14	2017	5	90	19	1710
14	2017	6	30	2	60
14	2017	6	90	30	2700
14	2017	7	30	3	90
14	2017	7	90	20	1800
14	2017	8	30	2	60
14	2017	8	90	36	3240
14	2017	9	28	1	28
14	2017	9	30	6	180
14	2017	9	90	15	1350
14	2017	10	30	4	120
14	2017	10	90	23	2070
14	2017	11	28	1	28
14	2017	11	30	3	90
14	2017	11	90	28	2520
14	2017	12	28	1	28
14	2017	12	30	2	60
14	2017	12	90	17	1530
14	2018	1	28	1	28
14	2018	1	90	28	2520
14	2018	2	28	1	28
14	2018	2	30	2	60
14	2018	2	90	20	1800
14	2018	3	28	1	28
14	2018	3	30	5	150
14	2018	3	90	17	1530
14	2018	4	28	1	28
14	2018	4	30	3	90
14	2018	4	90	25	2250
14	2018	5	28	1	28
14	2018	5	30	5	150
14	2018	5	90	22	1980
14	2018	6	28	1	28
14	2018	6	30	2	60
14	2018	6	90	24	2160
14	2018	7	28	1	28
14	2018	7	30	2	60
14	2018	7	90	13	1170
14	2018	8	28	2	56
14	2018	8	30	4	120
14	2018	8	90	23	2070
14	2018	9	30	6	180
14	2018	9	90	22	1980
14	2018	10	28	2	56
14	2018	10	30	5	150
14	2018	10	90	20	1800
14	2018	11	28	1	28
14	2018	11	30	4	120
14	2018	11	90	23	2070
14	2018	12	30	5	150
14	2018	12	90	16	1440
14	2019	1	28	2	56
14	2019	1	30	4	120
14	2019	1	90	13	1170
14	2019	2	28	1	28
14	2019	2	30	5	150
14	2019	2	90	18	1620
14	2019	3	28	1	28
14	2019	3	90	18	1620
14	2019	4	28	1	28
14	2019	4	30	3	90
14	2019	4	90	16	1440
14	2019	5	30	6	180
14	2019	5	90	26	2340
14	2019	6	30	4	120
14	2019	6	90	14	1260
14	2019	7	30	3	90
14	2019	7	90	23	2070
14	2019	8	30	3	90
14	2019	8	90	18	1620
14	2019	9	30	6	180
14	2019	9	60	2	120
14	2019	9	90	20	1800
14	2019	10	30	12	360
14	2019	10	90	42	3780
14	2019	11	30	8	240
14	2019	11	90	20	1800
14	2019	12	30	12	360
14	2019	12	90	36	3240
14	2020	1	30	9	270
14	2020	1	90	42	3780
14	2020	2	30	9	270
14	2020	2	90	32	2880
14	2020	3	30	11	330
14	2020	3	90	33	2970
14	2020	4	30	5	150
14	2020	4	90	47	4230
14	2020	5	30	5	150
14	2020	5	90	22	1980
14	2020	6	30	9	270
14	2020	6	90	38	3420
14	2020	7	30	6	180
14	2020	7	90	45	4050
14	2020	8	30	8	240
14	2020	8	90	35	3150
14	2020	9	30	9	270
14	2020	9	60	1	60
14	2020	9	90	38	3420
14	2020	10	30	8	240
14	2020	10	60	1	60
14	2020	10	84	1	84
14	2020	10	90	53	4770
14	2020	11	30	10	300
14	2020	11	90	38	3420
14	2020	12	30	5	150
14	2020	12	84	1	84
14	2020	12	90	42	3780
14	2021	1	30	5	150
14	2021	1	90	52	4680
14	2021	2	30	6	180
14	2021	2	90	41	3690
14	2021	3	30	11	330
14	2021	3	84	1	84
14	2021	3	90	50	4500
14	2021	4	30	8	240
14	2021	4	90	62	5580
14	2021	5	30	13	390
14	2021	5	84	1	84
14	2021	5	90	53	4770
14	2021	6	30	19	570
14	2021	6	90	44	3960
14	2021	7	30	15	450
14	2021	7	90	69	6210
14	2021	8	30	14	420
14	2021	8	60	1	60
14	2021	8	90	60	5400
14	2021	9	30	9	270
14	2021	9	90	44	3960
14	2021	10	30	5	150
14	2021	10	90	61	5490
14	2021	11	30	11	330
14	2021	11	90	60	5400
14	2021	12	30	11	330
14	2021	12	60	1	60
14	2021	12	90	64	5760
15	2015	1	30	90	2700
15	2015	1	90	139	12510
15	2015	2	30	90	2700
15	2015	2	90	124	11160
15	2015	3	30	95	2850
15	2015	3	90	107	9630
15	2015	4	30	53	1590
15	2015	4	90	137	12330
15	2015	5	30	96	2880
15	2015	5	90	120	10800
15	2015	6	30	87	2610
15	2015	6	90	108	9720
15	2015	7	30	90	2700
15	2015	7	90	138	12420
15	2015	8	30	81	2430
15	2015	8	90	127	11430
15	2015	9	30	136	4080
15	2015	9	90	114	10260
15	2015	10	30	102	3060
15	2015	10	90	167	15030
15	2015	11	30	99	2970
15	2015	11	90	125	11250
15	2015	12	30	30	900
15	2015	12	90	114	10260
15	2016	1	30	16	480
15	2016	1	90	121	10890
15	2016	2	30	30	900
15	2016	2	90	174	15660
15	2016	3	30	34	1020
15	2016	3	90	118	10620
15	2016	4	30	20	600
15	2016	4	90	149	13410
15	2016	5	30	34	1020
15	2016	5	90	151	13590
15	2016	6	30	16	480
15	2016	6	90	59	5310
15	2016	7	30	17	510
15	2016	7	90	52	4680
15	2016	8	30	24	720
15	2016	8	90	59	5310
15	2016	9	30	11	330
15	2016	9	90	32	2880
15	2016	10	30	15	450
15	2016	10	90	37	3330
15	2016	11	30	13	390
15	2016	11	90	50	4500
15	2016	12	30	7	210
15	2016	12	90	35	3150
15	2017	1	30	10	300
15	2017	1	90	28	2520
15	2017	2	30	11	330
15	2017	2	90	40	3600
15	2017	3	30	9	270
15	2017	3	90	29	2610
15	2017	4	30	13	390
15	2017	4	90	25	2250
15	2017	5	30	8	240
15	2017	5	90	36	3240
15	2017	6	30	5	150
15	2017	6	90	26	2340
15	2017	7	30	11	330
15	2017	7	90	24	2160
15	2017	8	30	11	330
15	2017	8	90	30	2700
15	2017	9	28	1	28
15	2017	9	30	17	510
15	2017	9	90	30	2700
15	2017	10	30	17	510
15	2017	10	90	24	2160
15	2017	11	28	2	56
15	2017	11	30	14	420
15	2017	11	90	38	3420
15	2017	12	30	9	270
15	2017	12	90	35	3150
15	2018	1	28	2	56
15	2018	1	30	16	480
15	2018	1	90	27	2430
15	2018	2	28	1	28
15	2018	2	30	15	450
15	2018	2	90	34	3060
15	2018	3	28	1	28
15	2018	3	30	11	330
15	2018	3	90	30	2700
15	2018	4	28	1	28
15	2018	4	30	18	540
15	2018	4	90	21	1890
15	2018	5	28	2	56
15	2018	5	30	16	480
15	2018	5	90	40	3600
15	2018	6	28	1	28
15	2018	6	30	16	480
15	2018	6	90	20	1800
15	2018	7	30	15	450
15	2018	7	90	28	2520
15	2018	8	28	2	56
15	2018	8	30	13	390
15	2018	8	90	35	3150
15	2018	9	28	1	28
15	2018	9	30	23	690
15	2018	9	90	34	3060
15	2018	10	30	19	570
15	2018	10	90	26	2340
15	2018	11	30	12	360
15	2018	11	90	38	3420
15	2018	12	30	15	450
15	2018	12	90	33	2970
15	2019	1	30	16	480
15	2019	1	90	22	1980
15	2019	2	30	8	240
15	2019	2	90	33	2970
15	2019	3	28	1	28
15	2019	3	30	13	390
15	2019	3	90	33	2970
15	2019	4	30	23	690
15	2019	4	90	19	1710
15	2019	5	30	14	420
15	2019	5	90	36	3240
15	2019	6	28	1	28
15	2019	6	30	6	180
15	2019	6	90	22	1980
15	2019	7	30	9	270
15	2019	7	90	23	2070
15	2019	8	30	11	330
15	2019	8	90	25	2250
15	2019	9	30	18	540
15	2019	9	90	29	2610
15	2019	10	30	15	450
15	2019	10	90	31	2790
15	2019	11	30	15	450
15	2019	11	90	31	2790
15	2019	12	30	10	300
15	2019	12	90	33	2970
15	2020	1	30	18	540
15	2020	1	90	35	3150
15	2020	2	30	14	420
15	2020	2	90	32	2880
15	2020	3	30	27	810
15	2020	3	84	1	84
15	2020	3	90	45	4050
15	2020	4	30	12	360
15	2020	4	90	37	3330
15	2020	5	30	16	480
15	2020	5	90	34	3060
15	2020	6	30	11	330
15	2020	6	90	38	3420
15	2020	7	30	14	420
15	2020	7	90	35	3150
15	2020	8	30	24	720
15	2020	8	90	30	2700
15	2020	9	30	19	570
15	2020	9	60	1	60
15	2020	9	90	49	4410
15	2020	10	30	11	330
15	2020	10	90	40	3600
15	2020	11	30	13	390
15	2020	11	90	58	5220
15	2020	12	30	19	570
15	2020	12	84	1	84
15	2020	12	90	80	7200
15	2021	1	30	7	210
15	2021	1	90	45	4050
15	2021	2	30	15	450
15	2021	2	90	66	5940
15	2021	3	30	17	510
15	2021	3	90	86	7740
15	2021	4	30	19	570
15	2021	4	90	48	4320
15	2021	5	30	22	660
15	2021	5	90	74	6660
15	2021	6	30	19	570
15	2021	6	90	101	9090
15	2021	7	30	18	540
15	2021	7	90	55	4950
15	2021	8	30	20	600
15	2021	8	90	69	6210
15	2021	9	30	29	870
15	2021	9	90	89	8010
15	2021	10	30	22	660
15	2021	10	90	78	7020
15	2021	11	30	20	600
15	2021	11	90	83	7470
15	2021	12	30	19	570
15	2021	12	90	87	7830
16	2015	1	30	7	210
16	2015	1	90	21	1890
16	2015	2	30	9	270
16	2015	2	90	29	2610
16	2015	3	30	3	90
16	2015	3	90	16	1440
16	2015	4	30	7	210
16	2015	4	90	22	1980
16	2015	5	30	11	330
16	2015	5	90	27	2430
16	2015	6	30	9	270
16	2015	6	90	30	2700
16	2015	7	30	9	270
16	2015	7	90	23	2070
16	2015	8	30	9	270
16	2015	8	90	25	2250
16	2015	9	30	8	240
16	2015	9	90	21	1890
16	2015	10	30	3	90
16	2015	10	90	37	3330
16	2015	11	30	14	420
16	2015	11	90	25	2250
16	2015	12	30	10	300
16	2015	12	90	21	1890
16	2016	1	30	16	480
16	2016	1	90	19	1710
16	2016	2	30	13	390
16	2016	2	90	25	2250
16	2016	3	30	12	360
16	2016	3	90	24	2160
16	2016	4	30	12	360
16	2016	4	90	26	2340
16	2016	5	30	7	210
16	2016	5	90	25	2250
16	2016	6	30	10	300
16	2016	6	90	18	1620
16	2016	7	30	5	150
16	2016	7	90	15	1350
16	2016	8	30	9	270
16	2016	8	90	9	810
16	2016	9	30	3	90
16	2016	9	90	14	1260
16	2016	10	30	5	150
16	2016	10	90	13	1170
16	2016	11	30	6	180
16	2016	11	90	14	1260
16	2016	12	30	4	120
16	2016	12	90	16	1440
16	2017	1	30	4	120
16	2017	1	90	22	1980
16	2017	2	30	3	90
16	2017	2	90	10	900
16	2017	3	30	3	90
16	2017	3	90	15	1350
16	2017	4	30	3	90
16	2017	4	90	22	1980
16	2017	5	30	2	60
16	2017	5	90	10	900
16	2017	6	30	6	180
16	2017	6	90	9	810
16	2017	7	30	7	210
16	2017	7	90	14	1260
16	2017	8	30	6	180
16	2017	8	90	16	1440
16	2017	9	30	3	90
16	2017	9	90	11	990
16	2017	10	30	4	120
16	2017	10	90	11	990
16	2017	11	30	4	120
16	2017	11	90	17	1530
16	2017	12	30	5	150
16	2017	12	90	12	1080
16	2018	1	30	11	330
16	2018	1	90	18	1620
16	2018	2	30	5	150
16	2018	2	90	11	990
16	2018	3	30	3	90
16	2018	3	90	12	1080
16	2018	4	30	6	180
16	2018	4	90	11	990
16	2018	5	30	9	270
16	2018	5	90	9	810
16	2018	6	30	6	180
16	2018	6	90	9	810
16	2018	7	30	4	120
16	2018	7	90	16	1440
16	2018	8	30	5	150
16	2018	8	90	4	360
16	2018	9	30	5	150
16	2018	9	90	14	1260
16	2018	10	30	2	60
16	2018	10	90	17	1530
16	2018	11	30	2	60
16	2018	11	90	10	900
16	2018	12	30	3	90
16	2018	12	90	7	630
16	2019	1	30	7	210
16	2019	1	90	15	1350
16	2019	2	30	5	150
16	2019	2	90	9	810
16	2019	3	30	4	120
16	2019	3	90	10	900
16	2019	4	30	4	120
16	2019	4	90	12	1080
16	2019	5	30	9	270
16	2019	5	90	13	1170
16	2019	6	30	4	120
16	2019	6	90	10	900
16	2019	7	30	10	300
16	2019	7	90	16	1440
16	2019	8	30	8	240
16	2019	8	90	14	1260
16	2019	9	30	9	270
16	2019	9	90	16	1440
16	2019	10	30	21	630
16	2019	10	90	23	2070
16	2019	11	30	17	510
16	2019	11	35	2	70
16	2019	11	84	2	168
16	2019	11	90	10	900
16	2019	12	30	8	240
16	2019	12	35	1	35
16	2019	12	90	19	1710
16	2020	1	30	14	420
16	2020	1	35	2	70
16	2020	1	84	3	252
16	2020	1	90	25	2250
16	2020	2	30	12	360
16	2020	2	35	2	70
16	2020	2	84	4	336
16	2020	2	90	17	1530
16	2020	3	30	9	270
16	2020	3	90	22	1980
16	2020	4	30	11	330
16	2020	4	35	1	35
16	2020	4	84	2	168
16	2020	4	90	19	1710
16	2020	5	30	4	120
16	2020	5	84	1	84
16	2020	5	90	15	1350
16	2020	6	30	10	300
16	2020	6	90	21	1890
16	2020	7	30	11	330
16	2020	7	84	3	252
16	2020	7	90	24	2160
16	2020	8	30	7	210
16	2020	8	35	2	70
16	2020	8	84	2	168
16	2020	8	90	19	1710
16	2020	9	30	7	210
16	2020	9	84	2	168
16	2020	9	90	29	2610
16	2020	10	30	5	150
16	2020	10	35	1	35
16	2020	10	84	3	252
16	2020	10	90	34	3060
16	2020	11	30	9	270
16	2020	11	84	1	84
16	2020	11	90	28	2520
16	2020	12	30	5	150
16	2020	12	35	2	70
16	2020	12	84	2	168
16	2020	12	90	21	1890
16	2021	1	30	9	270
16	2021	1	84	3	252
16	2021	1	90	35	3150
16	2021	2	30	12	360
16	2021	2	35	2	70
16	2021	2	84	3	252
16	2021	2	90	28	2520
16	2021	3	30	7	210
16	2021	3	35	3	105
16	2021	3	84	3	252
16	2021	3	90	29	2610
16	2021	4	30	6	180
16	2021	4	84	5	420
16	2021	4	90	38	3420
16	2021	5	30	10	300
16	2021	5	35	3	105
16	2021	5	90	27	2430
16	2021	6	30	7	210
16	2021	6	84	6	504
16	2021	6	90	32	2880
16	2021	7	30	10	300
16	2021	7	35	1	35
16	2021	7	84	3	252
16	2021	7	90	46	4140
16	2021	8	30	6	180
16	2021	8	90	22	1980
16	2021	9	30	11	330
16	2021	9	84	5	420
16	2021	9	90	38	3420
16	2021	10	30	8	240
16	2021	10	84	6	504
16	2021	10	90	38	3420
16	2021	11	30	5	150
16	2021	11	84	7	588
16	2021	11	90	33	2970
16	2021	12	30	12	360
16	2021	12	35	1	35
16	2021	12	84	5	420
16	2021	12	90	36	3240
17	2015	1	30	115	3450
17	2015	1	90	375	33750
17	2015	2	30	118	3540
17	2015	2	90	301	27090
17	2015	3	30	134	4020
17	2015	3	90	248	22320
17	2015	4	30	110	3300
17	2015	4	90	366	32940
17	2015	5	30	109	3270
17	2015	5	90	286	25740
17	2015	6	30	116	3480
17	2015	6	90	334	30060
17	2015	7	30	119	3570
17	2015	7	90	363	32670
17	2015	8	30	101	3030
17	2015	8	90	336	30240
17	2015	9	30	116	3480
17	2015	9	90	277	24930
17	2015	10	30	124	3720
17	2015	10	90	386	34740
17	2015	11	30	103	3090
17	2015	11	90	342	30780
17	2015	12	30	122	3660
17	2015	12	90	333	29970
17	2016	1	30	83	2490
17	2016	1	90	381	34290
17	2016	2	30	87	2610
17	2016	2	90	354	31860
17	2016	3	30	110	3300
17	2016	3	90	325	29250
17	2016	4	30	108	3240
17	2016	4	90	391	35190
17	2016	5	30	102	3060
17	2016	5	90	318	28620
17	2016	6	30	100	3000
17	2016	6	90	252	22680
17	2016	7	30	88	2640
17	2016	7	90	307	27630
17	2016	8	30	80	2400
17	2016	8	90	218	19620
17	2016	9	30	83	2490
17	2016	9	90	204	18360
17	2016	10	30	70	2100
17	2016	10	90	249	22410
17	2016	11	30	57	1710
17	2016	11	90	198	17820
17	2016	12	30	87	2610
17	2016	12	90	172	15480
17	2017	1	30	79	2370
17	2017	1	90	204	18360
17	2017	2	30	74	2220
17	2017	2	90	170	15300
17	2017	3	30	76	2280
17	2017	3	90	160	14400
17	2017	4	30	56	1680
17	2017	4	90	183	16470
17	2017	5	30	71	2130
17	2017	5	90	187	16830
17	2017	6	30	71	2130
17	2017	6	90	149	13410
17	2017	7	30	55	1650
17	2017	7	90	195	17550
17	2017	8	30	63	1890
17	2017	8	90	174	15660
17	2017	9	28	2	56
17	2017	9	30	63	1890
17	2017	9	90	138	12420
17	2017	10	28	2	56
17	2017	10	30	49	1470
17	2017	10	90	181	16290
17	2017	11	28	2	56
17	2017	11	28	2	56
17	2017	11	30	62	1860
17	2017	11	90	148	13320
17	2017	12	30	51	1530
17	2017	12	90	163	14670
17	2018	1	28	1	28
17	2018	1	30	36	1080
17	2018	1	90	178	16020
17	2018	2	30	28	840
17	2018	2	90	124	11160
17	2018	3	28	2	56
17	2018	3	28	2	56
17	2018	3	30	53	1590
17	2018	3	90	139	12510
17	2018	4	30	39	1170
17	2018	4	90	165	14850
17	2018	5	28	2	56
17	2018	5	28	2	56
17	2018	5	30	45	1350
17	2018	5	90	140	12600
17	2018	6	28	1	28
17	2018	6	30	45	1350
17	2018	6	90	122	10980
17	2018	7	30	51	1530
17	2018	7	90	167	15030
17	2018	8	10	2	20
17	2018	8	10	2	20
17	2018	8	30	42	1260
17	2018	8	90	134	12060
17	2018	9	30	34	1020
17	2018	9	90	141	12690
17	2018	10	30	32	960
17	2018	10	90	162	14580
17	2018	11	28	1	28
17	2018	11	28	1	28
17	2018	11	30	52	1560
17	2018	11	90	128	11520
17	2018	12	30	48	1440
17	2018	12	90	117	10530
17	2019	1	30	49	1470
17	2019	1	35	1	35
17	2019	1	35	1	35
17	2019	1	90	158	14220
17	2019	2	30	29	870
17	2019	2	90	129	11610
17	2019	3	30	37	1110
17	2019	3	35	2	70
17	2019	3	35	2	70
17	2019	3	90	129	11610
17	2019	4	30	33	990
17	2019	4	35	1	35
17	2019	4	35	1	35
17	2019	4	90	161	14490
17	2019	5	30	34	1020
17	2019	5	90	122	10980
17	2019	6	30	35	1050
17	2019	6	90	115	10350
17	2019	7	30	45	1350
17	2019	7	35	1	35
17	2019	7	90	185	16650
17	2019	8	30	43	1290
17	2019	8	90	117	10530
17	2019	9	30	79	2370
17	2019	9	35	194	6790
17	2019	9	84	11	924
17	2019	9	90	212	19080
17	2019	10	30	66	1980
17	2019	10	35	100	3500
17	2019	10	84	43	3612
17	2019	10	90	271	24390
17	2019	11	30	48	1440
17	2019	11	35	56	1960
17	2019	11	84	47	3948
17	2019	11	90	197	17730
17	2019	12	30	62	1860
17	2019	12	35	158	5530
17	2019	12	84	9	756
17	2019	12	90	220	19800
17	2020	1	30	65	1950
17	2020	1	35	43	1505
17	2020	1	84	41	3444
17	2020	1	90	332	29880
17	2020	2	28	3	84
17	2020	2	28	3	84
17	2020	2	30	69	2070
17	2020	2	35	4	140
17	2020	2	84	1	84
17	2020	2	90	284	25560
17	2020	3	30	61	1830
17	2020	3	35	20	700
17	2020	3	84	14	1176
17	2020	3	90	331	29790
17	2020	4	30	36	1080
17	2020	4	35	27	945
17	2020	4	84	16	1344
17	2020	4	90	271	24390
17	2020	5	30	48	1440
17	2020	5	35	9	315
17	2020	5	84	12	1008
17	2020	5	90	292	26280
17	2020	6	30	49	1470
17	2020	6	35	11	385
17	2020	6	84	18	1512
17	2020	6	90	294	26460
17	2020	7	30	58	1740
17	2020	7	35	10	350
17	2020	7	84	20	1680
17	2020	7	90	306	27540
17	2020	8	30	64	1920
17	2020	8	35	20	700
17	2020	8	84	13	1092
17	2020	8	90	325	29250
17	2020	9	30	50	1500
17	2020	9	35	17	595
17	2020	9	84	13	1092
17	2020	9	90	315	28350
17	2020	10	30	66	1980
17	2020	10	35	21	735
17	2020	10	84	23	1932
17	2020	10	90	360	32400
17	2020	11	30	60	1800
17	2020	11	35	10	350
17	2020	11	84	19	1596
17	2020	11	90	336	30240
17	2020	12	30	45	1350
17	2020	12	35	22	770
17	2020	12	84	8	672
17	2020	12	90	352	31680
17	2021	1	30	55	1650
17	2021	1	35	9	315
17	2021	1	84	14	1176
17	2021	1	90	365	32850
17	2021	2	30	47	1410
17	2021	2	35	5	175
17	2021	2	84	10	840
17	2021	2	90	314	28260
17	2021	3	30	57	1710
17	2021	3	35	25	875
17	2021	3	84	12	1008
17	2021	3	90	388	34920
17	2021	4	30	66	1980
17	2021	4	35	10	350
17	2021	4	84	14	1176
17	2021	4	90	405	36450
17	2021	5	30	56	1680
17	2021	5	35	10	350
17	2021	5	84	12	1008
17	2021	5	90	356	32040
17	2021	6	30	61	1830
17	2021	6	35	9	315
17	2021	6	84	9	756
17	2021	6	90	392	35280
17	2021	7	30	62	1860
17	2021	7	35	7	245
17	2021	7	84	10	840
17	2021	7	90	462	41580
17	2021	8	30	61	1830
17	2021	8	84	1	84
17	2021	8	90	392	35280
17	2021	9	30	79	2370
17	2021	9	35	7	245
17	2021	9	84	3	252
17	2021	9	90	379	34110
17	2021	10	30	77	2310
17	2021	10	35	5	175
17	2021	10	84	9	756
17	2021	10	90	477	42930
17	2021	11	30	68	2040
17	2021	11	35	3	105
17	2021	11	84	2	168
17	2021	11	90	403	36270
17	2021	12	30	63	1890
17	2021	12	35	3	105
17	2021	12	84	1	84
17	2021	12	90	408	36720
18	2015	1	30	3	90
18	2015	1	90	3	270
18	2015	2	30	15	450
18	2015	2	90	74	6660
18	2015	3	30	10	300
18	2015	3	90	51	4590
18	2015	4	30	19	570
18	2015	4	90	4	360
18	2015	5	30	12	360
18	2015	5	90	2	180
18	2015	6	30	15	450
18	2015	6	90	57	5130
18	2015	7	30	20	600
18	2015	7	90	4	360
18	2015	8	30	14	420
18	2015	8	90	4	360
18	2015	9	30	16	480
18	2015	9	90	50	4500
18	2015	10	30	12	360
18	2015	10	90	2	180
18	2015	11	30	7	210
18	2015	11	90	5	450
18	2015	12	30	7	210
18	2015	12	90	2	180
18	2016	1	30	5	150
18	2016	1	90	1	90
18	2016	2	30	4	120
18	2016	2	90	3	270
18	2016	3	30	13	390
18	2016	3	90	3	270
18	2016	4	30	4	120
18	2016	4	90	1	90
18	2016	5	30	4	120
18	2016	5	90	1	90
18	2016	6	30	10	300
18	2016	7	30	8	240
18	2016	7	90	3	270
18	2016	8	30	9	270
18	2016	8	90	1	90
18	2016	9	30	8	240
18	2016	9	90	4	360
18	2016	10	30	11	330
18	2016	10	90	2	180
18	2016	11	30	17	510
18	2016	11	90	1	90
18	2016	12	30	13	390
18	2016	12	90	1	90
18	2017	1	30	11	330
18	2017	1	90	3	270
18	2017	2	30	8	240
18	2017	3	30	15	450
18	2017	3	90	1	90
18	2017	4	30	12	360
18	2017	5	30	9	270
18	2017	5	90	1	90
18	2017	6	30	11	330
18	2017	7	30	15	450
18	2017	7	90	1	90
18	2017	8	30	12	360
18	2017	8	90	1	90
18	2017	9	30	8	240
18	2017	9	90	2	180
18	2017	10	30	15	450
18	2017	10	84	1	84
18	2017	10	90	2	180
18	2017	11	30	16	480
18	2017	11	90	1	90
18	2017	12	28	1	28
18	2017	12	30	10	300
18	2018	1	30	12	360
18	2018	2	30	9	270
18	2018	3	30	16	480
18	2018	3	90	1	90
18	2018	4	30	18	540
18	2018	4	90	1	90
18	2018	5	30	18	540
18	2018	5	90	2	180
18	2018	6	30	27	810
18	2018	7	30	23	690
18	2018	8	30	22	660
18	2018	9	30	13	390
18	2018	10	30	9	270
18	2018	10	90	2	180
18	2018	11	30	12	360
18	2018	11	90	1	90
18	2018	12	30	14	420
18	2018	12	90	1	90
18	2019	1	30	17	510
18	2019	2	30	7	210
18	2019	2	90	4	360
18	2019	3	30	17	510
18	2019	4	30	15	450
18	2019	4	90	1	90
18	2019	5	30	17	510
18	2019	5	90	2	180
18	2019	6	30	13	390
18	2019	7	30	16	480
18	2019	7	90	2	180
18	2019	8	30	13	390
18	2019	8	90	1	90
18	2019	9	30	14	420
18	2019	9	90	1	90
18	2019	10	30	21	630
18	2019	10	90	4	360
18	2019	11	30	15	450
18	2019	11	90	1	90
18	2019	12	30	8	240
18	2019	12	90	3	270
18	2020	1	30	16	480
18	2020	1	90	1	90
18	2020	2	30	5	150
18	2020	2	90	3	270
18	2020	3	30	12	360
18	2020	3	90	1	90
18	2020	4	30	12	360
18	2020	5	7	1	7
18	2020	5	30	5	150
18	2020	5	35	2	70
18	2020	5	90	1	90
18	2020	6	30	11	330
18	2020	6	90	3	270
18	2020	7	30	3	90
18	2020	7	90	6	540
18	2020	8	30	2	60
18	2020	8	90	1	90
18	2020	9	30	2	60
18	2020	10	30	1	30
18	2020	12	90	1	90
18	2021	2	30	1	30
18	2021	2	84	2	168
18	2021	5	30	1	30
18	2021	7	90	1	90
18	2021	9	90	2	180
18	2021	11	90	1	90
18	2021	12	90	1	90
19	2015	1	30	435	13050
19	2015	1	90	1693	152370
19	2015	2	30	376	11280
19	2015	2	90	1275	114750
19	2015	3	30	471	14130
19	2015	3	90	1200	108000
19	2015	4	30	403	12090
19	2015	4	90	1689	152010
19	2015	5	30	412	12360
19	2015	5	90	1293	116370
19	2015	6	30	444	13320
19	2015	6	90	1303	117270
19	2015	7	30	429	12870
19	2015	7	90	1783	160470
19	2015	8	30	406	12180
19	2015	8	90	1428	128520
19	2015	9	30	423	12690
19	2015	9	90	1176	105840
19	2015	10	30	426	12780
19	2015	10	90	1855	166950
19	2015	11	30	415	12450
19	2015	11	90	1409	126810
19	2015	12	30	430	12900
19	2015	12	90	1285	115650
19	2016	1	30	354	10620
19	2016	1	90	1587	142830
19	2016	2	30	357	10710
19	2016	2	90	1424	128160
19	2016	3	30	395	11850
19	2016	3	90	1207	108630
19	2016	4	30	350	10500
19	2016	4	90	1737	156330
19	2016	5	30	348	10440
19	2016	5	90	1251	112590
19	2016	6	30	305	9150
19	2016	6	90	870	78300
19	2016	7	30	240	7200
19	2016	7	90	1044	93960
19	2016	8	30	242	7260
19	2016	8	90	791	71190
19	2016	9	30	224	6720
19	2016	9	90	700	63000
19	2016	10	30	193	5790
19	2016	10	90	824	74160
19	2016	11	30	186	5580
19	2016	11	90	679	61110
19	2016	12	30	201	6030
19	2016	12	90	553	49770
19	2017	1	30	181	5430
19	2017	1	90	729	65610
19	2017	2	30	171	5130
19	2017	2	90	504	45360
19	2017	3	30	181	5430
19	2017	3	90	521	46890
19	2017	4	30	150	4500
19	2017	4	90	628	56520
19	2017	5	30	174	5220
19	2017	5	90	600	54000
19	2017	6	30	172	5160
19	2017	6	90	436	39240
19	2017	7	30	154	4620
19	2017	7	90	646	58140
19	2017	8	30	150	4500
19	2017	8	90	533	47970
19	2017	9	28	4	112
19	2017	9	30	144	4320
19	2017	9	90	428	38520
19	2017	10	28	9	252
19	2017	10	30	137	4110
19	2017	10	90	597	53730
19	2017	11	30	157	4710
19	2017	11	90	492	44280
19	2017	12	30	154	4620
19	2017	12	90	429	38610
19	2018	1	28	5	140
19	2018	1	30	128	3840
19	2018	1	90	607	54630
19	2018	2	30	104	3120
19	2018	2	90	463	41670
19	2018	3	30	142	4260
19	2018	3	90	428	38520
19	2018	4	30	117	3510
19	2018	4	90	609	54810
19	2018	5	30	154	4620
19	2018	5	90	510	45900
19	2018	6	28	2	56
19	2018	6	30	135	4050
19	2018	6	90	436	39240
19	2018	7	30	152	4560
19	2018	7	90	635	57150
19	2018	8	30	145	4350
19	2018	8	90	521	46890
19	2018	9	30	128	3840
19	2018	9	90	429	38610
19	2018	10	30	127	3810
19	2018	10	90	636	57240
19	2018	11	30	139	4170
19	2018	11	90	498	44820
19	2018	12	30	123	3690
19	2018	12	90	393	35370
19	2019	1	30	118	3540
19	2019	1	90	537	48330
19	2019	2	30	104	3120
19	2019	2	90	409	36810
19	2019	3	30	109	3270
19	2019	3	90	363	32670
19	2019	4	30	106	3180
19	2019	4	90	525	47250
19	2019	5	30	116	3480
19	2019	5	90	421	37890
19	2019	6	30	103	3090
19	2019	6	90	332	29880
19	2019	7	30	140	4200
19	2019	7	35	3	105
19	2019	7	90	618	55620
19	2019	8	30	126	3780
19	2019	8	90	453	40770
19	2019	9	30	273	8190
19	2019	9	35	217	7595
19	2019	9	84	34	2856
19	2019	9	90	622	55980
19	2019	10	30	317	9510
19	2019	10	35	123	4305
19	2019	10	84	50	4200
19	2019	10	90	833	74970
19	2019	11	30	284	8520
19	2019	11	35	72	2520
19	2019	11	84	59	4956
19	2019	11	90	664	59760
19	2019	12	30	283	8490
19	2019	12	35	180	6300
19	2019	12	84	12	1008
19	2019	12	90	720	64800
19	2020	1	30	317	9510
19	2020	1	35	52	1820
19	2020	1	84	49	4116
19	2020	1	90	1323	119070
19	2020	2	30	368	11040
19	2020	2	35	8	280
19	2020	2	84	4	336
19	2020	2	90	1037	93330
19	2020	3	30	327	9810
19	2020	3	35	25	875
19	2020	3	84	17	1428
19	2020	3	90	1243	111870
19	2020	4	30	207	6210
19	2020	4	35	32	1120
19	2020	4	84	19	1596
19	2020	4	90	1110	99900
19	2020	5	30	235	7050
19	2020	5	35	15	525
19	2020	5	84	15	1260
19	2020	5	90	1038	93420
19	2020	6	30	279	8370
19	2020	6	35	14	490
19	2020	6	84	26	2184
19	2020	6	90	1119	100710
19	2020	7	30	297	8910
19	2020	7	35	14	490
19	2020	7	84	23	1932
19	2020	7	90	1323	119070
19	2020	8	30	314	9420
19	2020	8	35	25	875
19	2020	8	84	15	1260
19	2020	8	90	1201	108090
19	2020	9	30	302	9060
19	2020	9	35	21	735
19	2020	9	84	27	2268
19	2020	9	90	1211	108990
19	2020	10	30	307	9210
19	2020	10	35	24	840
19	2020	10	84	27	2268
19	2020	10	90	1546	139140
19	2020	11	30	316	9480
19	2020	11	35	15	525
19	2020	11	84	30	2520
19	2020	11	90	1395	125550
19	2020	12	30	306	9180
19	2020	12	35	34	1190
19	2020	12	84	15	1260
19	2020	12	90	1335	120150
19	2021	1	30	275	8250
19	2021	1	35	12	420
19	2021	1	84	20	1680
19	2021	1	90	1530	137700
19	2021	2	30	262	7860
19	2021	2	35	6	210
19	2021	2	84	14	1176
19	2021	2	90	1340	120600
19	2021	3	30	346	10380
19	2021	3	35	29	1015
19	2021	3	84	18	1512
19	2021	3	90	1439	129510
19	2021	4	30	278	8340
19	2021	4	35	12	420
19	2021	4	84	23	1932
19	2021	4	90	1608	144720
19	2021	5	30	305	9150
19	2021	5	35	12	420
19	2021	5	84	20	1680
19	2021	5	90	1423	128070
19	2021	6	30	386	11580
19	2021	6	35	13	455
19	2021	6	84	13	1092
19	2021	6	90	1434	129060
19	2021	7	30	289	8670
19	2021	7	35	11	385
19	2021	7	84	12	1008
19	2021	7	90	1746	157140
19	2021	8	30	355	10650
19	2021	8	84	7	588
19	2021	8	90	1599	143910
19	2021	9	30	324	9720
19	2021	9	35	12	420
19	2021	9	84	5	420
19	2021	9	90	1501	135090
19	2021	10	30	334	10020
19	2021	10	35	8	280
19	2021	10	84	14	1176
19	2021	10	90	1803	162270
19	2021	11	30	347	10410
19	2021	11	35	4	140
19	2021	11	84	12	1008
19	2021	11	90	1667	150030
19	2021	12	30	352	10560
19	2021	12	35	6	210
19	2021	12	84	2	168
19	2021	12	90	1583	142470
20	2015	1	30	1503	45090
20	2015	1	90	1312	118080
20	2015	2	30	1366	40980
20	2015	2	90	1012	91080
20	2015	3	30	1469	44070
20	2015	3	90	970	87300
20	2015	4	30	1354	40620
20	2015	4	90	1018	91620
20	2015	5	30	1276	38280
20	2015	5	90	858	77220
20	2015	6	30	1316	39480
20	2015	6	90	865	77850
20	2015	7	30	1283	38490
20	2015	7	90	1040	93600
20	2015	8	30	1198	35940
20	2015	8	90	827	74430
20	2015	9	30	1264	37920
20	2015	9	90	824	74160
20	2015	10	30	1243	37290
20	2015	10	90	1054	94860
20	2015	11	30	1203	36090
20	2015	11	90	889	80010
20	2015	12	30	1146	34380
20	2015	12	90	796	71640
20	2016	1	30	950	28500
20	2016	1	90	920	82800
20	2016	2	30	1028	30840
20	2016	2	90	814	73260
20	2016	3	30	1033	30990
20	2016	3	90	772	69480
20	2016	4	30	962	28860
20	2016	4	90	979	88110
20	2016	5	30	962	28860
20	2016	5	90	788	70920
20	2016	6	30	797	23910
20	2016	6	90	524	47160
20	2016	7	30	755	22650
20	2016	7	90	598	53820
20	2016	8	30	705	21150
20	2016	8	90	492	44280
20	2016	9	30	751	22530
20	2016	9	90	470	42300
20	2016	10	30	643	19290
20	2016	10	90	471	42390
20	2016	11	30	662	19860
20	2016	11	90	407	36630
20	2016	12	30	627	18810
20	2016	12	90	411	36990
20	2017	1	30	555	16650
20	2017	1	90	417	37530
20	2017	2	30	513	15390
20	2017	2	90	353	31770
20	2017	3	30	593	17790
20	2017	3	90	354	31860
20	2017	4	30	514	15420
20	2017	4	90	393	35370
20	2017	5	30	572	17160
20	2017	5	90	358	32220
20	2017	6	30	559	16770
20	2017	6	90	343	30870
20	2017	7	30	540	16200
20	2017	7	90	409	36810
20	2017	8	28	1	28
20	2017	8	30	538	16140
20	2017	8	90	359	32310
20	2017	9	28	5	140
20	2017	9	30	472	14160
20	2017	9	90	328	29520
20	2017	10	28	4	112
20	2017	10	30	468	14040
20	2017	10	90	405	36450
20	2017	11	28	2	56
20	2017	11	30	490	14700
20	2017	11	90	349	31410
20	2017	12	28	1	28
20	2017	12	30	465	13950
20	2017	12	90	356	32040
20	2018	1	28	2	56
20	2018	1	30	453	13590
20	2018	1	90	398	35820
20	2018	2	28	3	84
20	2018	2	30	408	12240
20	2018	2	90	301	27090
20	2018	3	28	4	112
20	2018	3	30	434	13020
20	2018	3	90	347	31230
20	2018	4	28	5	140
20	2018	4	30	412	12360
20	2018	4	90	378	34020
20	2018	5	28	1	28
20	2018	5	30	421	12630
20	2018	5	90	365	32850
20	2018	6	28	1	28
20	2018	6	30	418	12540
20	2018	6	90	343	30870
20	2018	7	28	1	28
20	2018	7	30	416	12480
20	2018	7	90	457	41130
20	2018	8	28	3	84
20	2018	8	30	391	11730
20	2018	8	90	315	28350
20	2018	9	28	2	56
20	2018	9	30	366	10980
20	2018	9	90	304	27360
20	2018	10	30	415	12450
20	2018	10	90	445	40050
20	2018	11	30	397	11910
20	2018	11	90	318	28620
20	2018	12	30	325	9750
20	2018	12	90	291	26190
20	2019	1	30	301	9030
20	2019	1	90	378	34020
20	2019	2	28	1	28
20	2019	2	30	285	8550
20	2019	2	90	271	24390
20	2019	3	28	1	28
20	2019	3	30	273	8190
20	2019	3	35	2	70
20	2019	3	60	1	60
20	2019	3	90	250	22500
20	2019	4	30	330	9900
20	2019	4	90	358	32220
20	2019	5	28	1	28
20	2019	5	30	269	8070
20	2019	5	90	299	26910
20	2019	6	30	273	8190
20	2019	6	84	1	84
20	2019	6	90	289	26010
20	2019	7	30	304	9120
20	2019	7	35	23	805
20	2019	7	90	356	32040
20	2019	8	28	1	28
20	2019	8	30	284	8520
20	2019	8	35	36	1260
20	2019	8	84	4	336
20	2019	8	90	309	27810
20	2019	9	30	672	20160
20	2019	9	35	171	5985
20	2019	9	60	3	180
20	2019	9	84	155	13020
20	2019	9	90	818	73620
20	2019	10	7	1	7
20	2019	10	30	565	16950
20	2019	10	35	134	4690
20	2019	10	60	11	660
20	2019	10	84	156	13104
20	2019	10	90	854	76860
20	2019	11	30	563	16890
20	2019	11	35	123	4305
20	2019	11	60	6	360
20	2019	11	84	93	7812
20	2019	11	90	762	68580
20	2019	12	30	479	14370
20	2019	12	35	92	3220
20	2019	12	60	7	420
20	2019	12	84	15	1260
20	2019	12	90	986	88740
20	2020	1	30	494	14820
20	2020	1	35	63	2205
20	2020	1	60	9	540
20	2020	1	84	98	8232
20	2020	1	90	1118	100620
20	2020	2	30	456	13680
20	2020	2	35	31	1085
20	2020	2	60	4	240
20	2020	2	84	32	2688
20	2020	2	90	980	88200
20	2020	3	30	456	13680
20	2020	3	35	42	1470
20	2020	3	60	3	180
20	2020	3	84	41	3444
20	2020	3	90	1202	108180
20	2020	4	30	319	9570
20	2020	4	35	35	1225
20	2020	4	60	1	60
20	2020	4	84	50	4200
20	2020	4	90	924	83160
20	2020	5	28	1	28
20	2020	5	30	336	10080
20	2020	5	35	53	1855
20	2020	5	60	3	180
20	2020	5	84	47	3948
20	2020	5	90	905	81450
20	2020	6	30	408	12240
20	2020	6	35	40	1400
20	2020	6	60	1	60
20	2020	6	84	77	6468
20	2020	6	90	1071	96390
20	2020	7	30	405	12150
20	2020	7	35	58	2030
20	2020	7	60	5	300
20	2020	7	84	88	7392
20	2020	7	90	1255	112950
20	2020	8	28	1	28
20	2020	8	30	356	10680
20	2020	8	35	65	2275
20	2020	8	60	2	120
20	2020	8	84	71	5964
20	2020	8	90	1109	99810
20	2020	9	30	437	13110
20	2020	9	35	121	4235
20	2020	9	60	2	120
20	2020	9	84	169	14196
20	2020	9	90	1375	123750
20	2020	10	30	488	14640
20	2020	10	35	110	3850
20	2020	10	60	1	60
20	2020	10	84	200	16800
20	2020	10	90	1733	155970
20	2020	11	28	1	28
20	2020	11	30	406	12180
20	2020	11	35	79	2765
20	2020	11	60	4	240
20	2020	11	84	172	14448
20	2020	11	90	1503	135270
20	2020	12	28	1	28
20	2020	12	30	441	13230
20	2020	12	35	96	3360
20	2020	12	84	82	6888
20	2020	12	90	1504	135360
20	2021	1	30	395	11850
20	2021	1	35	84	2940
20	2021	1	84	107	8988
20	2021	1	90	1749	157410
20	2021	2	28	1	28
20	2021	2	30	436	13080
20	2021	2	35	65	2275
20	2021	2	84	92	7728
20	2021	2	90	1514	136260
20	2021	3	28	1	28
20	2021	3	30	476	14280
20	2021	3	35	80	2800
20	2021	3	84	101	8484
20	2021	3	90	1666	149940
20	2021	4	30	442	13260
20	2021	4	35	57	1995
20	2021	4	60	2	120
20	2021	4	84	108	9072
20	2021	4	90	1853	166770
20	2021	5	28	1	28
20	2021	5	30	399	11970
20	2021	5	35	75	2625
20	2021	5	84	99	8316
20	2021	5	90	1637	147330
20	2021	6	30	491	14730
20	2021	6	35	41	1435
20	2021	6	84	98	8232
20	2021	6	90	1745	157050
20	2021	7	30	545	16350
20	2021	7	35	4	140
20	2021	7	60	2	120
20	2021	7	84	75	6300
20	2021	7	90	2144	192960
20	2021	8	28	1	28
20	2021	8	30	615	18450
20	2021	8	35	9	315
20	2021	8	60	1	60
20	2021	8	84	27	2268
20	2021	8	90	2070	186300
20	2021	9	30	584	17520
20	2021	9	35	22	770
20	2021	9	60	2	120
20	2021	9	84	69	5796
20	2021	9	90	1830	164700
20	2021	10	30	616	18480
20	2021	10	35	25	875
20	2021	10	60	2	120
20	2021	10	84	73	6132
20	2021	10	90	2260	203400
20	2021	11	30	584	17520
20	2021	11	35	29	1015
20	2021	11	60	1	60
20	2021	11	84	52	4368
20	2021	11	90	2263	203670
20	2021	12	30	555	16650
20	2021	12	35	32	1120
20	2021	12	84	63	5292
20	2021	12	90	1912	172080
21	2015	1	30	4202	126060
21	2015	1	90	6236	561240
21	2015	2	30	3842	115260
21	2015	2	90	5279	475110
21	2015	3	30	4174	125220
21	2015	3	90	5076	456840
21	2015	4	30	4327	129810
21	2015	4	90	5980	538200
21	2015	5	30	3853	115590
21	2015	5	90	5019	451710
21	2015	6	30	3957	118710
21	2015	6	90	5044	453960
21	2015	7	30	4227	126810
21	2015	7	90	6347	571230
21	2015	8	30	3711	111330
21	2015	8	90	5046	454140
21	2015	9	30	3831	114930
21	2015	9	90	4807	432630
21	2015	10	30	4133	123990
21	2015	10	90	6327	569430
21	2015	11	30	3885	116550
21	2015	11	90	5274	474660
21	2015	12	30	2896	86880
21	2015	12	90	5372	483480
21	2016	1	30	2242	67260
21	2016	1	90	5928	533520
21	2016	2	30	2428	72840
21	2016	2	90	5598	503820
21	2016	3	30	2469	74070
21	2016	3	90	5092	458280
21	2016	4	30	2305	69150
21	2016	4	90	6432	578880
21	2016	5	30	2253	67590
21	2016	5	90	5093	458370
21	2016	6	30	1997	59910
21	2016	6	90	3774	339660
21	2016	7	30	1762	52860
21	2016	7	90	4290	386100
21	2016	8	30	1690	50700
21	2016	8	90	3509	315810
21	2016	9	30	1656	49680
21	2016	9	90	3164	284760
21	2016	10	30	1462	43860
21	2016	10	90	3427	308430
21	2016	11	30	1521	45630
21	2016	11	90	3106	279540
21	2016	12	30	1486	44580
21	2016	12	90	2890	260100
21	2017	1	30	1309	39270
21	2017	1	90	2999	269910
21	2017	2	30	1184	35520
21	2017	2	90	2517	226530
21	2017	3	30	1426	42780
21	2017	3	90	2656	239040
21	2017	4	30	1177	35310
21	2017	4	90	2807	252630
21	2017	5	30	1320	39600
21	2017	5	90	2656	239040
21	2017	6	30	1300	39000
21	2017	6	90	2379	214110
21	2017	7	30	1264	37920
21	2017	7	90	2865	257850
21	2017	8	28	2	56
21	2017	8	30	1224	36720
21	2017	8	90	2572	231480
21	2017	9	28	18	504
21	2017	9	30	1114	33420
21	2017	9	90	2246	202140
21	2017	10	28	18	504
21	2017	10	30	1088	32640
21	2017	10	84	2	168
21	2017	10	90	2706	243540
21	2017	11	28	10	280
21	2017	11	30	1145	34350
21	2017	11	60	1	60
21	2017	11	90	2515	226350
21	2017	12	10	1	10
21	2017	12	28	16	448
21	2017	12	30	1107	33210
21	2017	12	90	2242	201780
21	2018	1	28	16	448
21	2018	1	30	1041	31230
21	2018	1	90	2538	228420
21	2018	2	28	10	280
21	2018	2	30	972	29160
21	2018	2	90	2116	190440
21	2018	3	28	17	476
21	2018	3	30	1077	32310
21	2018	3	60	1	60
21	2018	3	90	2242	201780
21	2018	4	10	1	10
21	2018	4	28	16	448
21	2018	4	30	1048	31440
21	2018	4	60	1	60
21	2018	4	84	1	84
21	2018	4	90	2527	227430
21	2018	5	28	8	224
21	2018	5	30	1089	32670
21	2018	5	90	2399	215910
21	2018	6	28	8	224
21	2018	6	30	1085	32550
21	2018	6	60	1	60
21	2018	6	90	2204	198360
21	2018	7	10	1	10
21	2018	7	28	5	140
21	2018	7	30	1065	31950
21	2018	7	90	2707	243630
21	2018	8	10	4	40
21	2018	8	28	10	280
21	2018	8	30	1024	30720
21	2018	8	90	2317	208530
21	2018	9	10	1	10
21	2018	9	28	8	224
21	2018	9	30	953	28590
21	2018	9	84	1	84
21	2018	9	90	2070	186300
21	2018	10	10	1	10
21	2018	10	28	2	56
21	2018	10	30	1031	30930
21	2018	10	90	2722	244980
21	2018	11	7	1	7
21	2018	11	10	1	10
21	2018	11	28	3	84
21	2018	11	30	953	28590
21	2018	11	35	1	35
21	2018	11	60	1	60
21	2018	11	84	1	84
21	2018	11	90	2324	209160
21	2018	12	7	1	7
21	2018	12	10	1	10
21	2018	12	30	858	25740
21	2018	12	35	5	175
21	2018	12	60	1	60
21	2018	12	90	2015	181350
21	2019	1	10	1	10
21	2019	1	28	3	84
21	2019	1	30	827	24810
21	2019	1	35	1	35
21	2019	1	90	2339	210510
21	2019	2	10	18	180
21	2019	2	28	3	84
21	2019	2	30	709	21270
21	2019	2	84	1	84
21	2019	2	90	1982	178380
21	2019	3	10	4	40
21	2019	3	28	5	140
21	2019	3	30	757	22710
21	2019	3	35	6	210
21	2019	3	60	2	120
21	2019	3	90	1952	175680
21	2019	4	28	1	28
21	2019	4	30	823	24690
21	2019	4	35	1	35
21	2019	4	90	2253	202770
21	2019	5	28	2	56
21	2019	5	30	763	22890
21	2019	5	84	2	168
21	2019	5	90	2179	196110
21	2019	6	28	3	84
21	2019	6	30	720	21600
21	2019	6	35	2	70
21	2019	6	84	1	84
21	2019	6	90	1791	161190
21	2019	7	30	864	25920
21	2019	7	35	33	1155
21	2019	7	90	2436	219240
21	2019	8	10	2	20
21	2019	8	28	1	28
21	2019	8	30	791	23730
21	2019	8	35	49	1715
21	2019	8	60	2	120
21	2019	8	84	6	504
21	2019	8	90	2078	187020
21	2019	9	7	1	7
21	2019	9	30	1749	52470
21	2019	9	35	560	19600
21	2019	9	60	5	300
21	2019	9	84	296	24864
21	2019	9	90	3624	326160
21	2019	10	7	4	28
21	2019	10	30	1759	52770
21	2019	10	35	430	15050
21	2019	10	60	14	840
21	2019	10	84	309	25956
21	2019	10	90	4223	380070
21	2019	11	7	2	14
21	2019	11	30	1619	48570
21	2019	11	35	325	11375
21	2019	11	60	6	360
21	2019	11	84	256	21504
21	2019	11	90	3669	330210
21	2019	12	7	1	7
21	2019	12	28	1	28
21	2019	12	30	1509	45270
21	2019	12	35	444	15540
21	2019	12	60	9	540
21	2019	12	84	67	5628
21	2019	12	90	4160	374400
21	2020	1	7	1	7
21	2020	1	28	1	28
21	2020	1	30	1582	47460
21	2020	1	35	264	9240
21	2020	1	60	10	600
21	2020	1	84	247	20748
21	2020	1	90	5045	454050
21	2020	2	28	3	84
21	2020	2	30	1500	45000
21	2020	2	35	152	5320
21	2020	2	60	5	300
21	2020	2	84	101	8484
21	2020	2	90	4442	399780
21	2020	3	28	1	28
21	2020	3	30	1440	43200
21	2020	3	35	181	6335
21	2020	3	60	3	180
21	2020	3	84	157	13188
21	2020	3	90	5193	467370
21	2020	4	30	945	28350
21	2020	4	35	158	5530
21	2020	4	60	2	120
21	2020	4	84	132	11088
21	2020	4	90	4283	385470
21	2020	5	7	1	7
21	2020	5	28	2	56
21	2020	5	30	1011	30330
21	2020	5	35	161	5635
21	2020	5	60	3	180
21	2020	5	84	153	12852
21	2020	5	90	4372	393480
21	2020	6	28	4	112
21	2020	6	30	1255	37650
21	2020	6	35	165	5775
21	2020	6	60	1	60
21	2020	6	84	215	18060
21	2020	6	90	4641	417690
21	2020	7	28	1	28
21	2020	7	30	1298	38940
21	2020	7	35	203	7105
21	2020	7	60	5	300
21	2020	7	84	243	20412
21	2020	7	90	5392	485280
21	2020	8	28	2	56
21	2020	8	30	1238	37140
21	2020	8	35	199	6965
21	2020	8	60	4	240
21	2020	8	84	215	18060
21	2020	8	90	4932	443880
21	2020	9	28	1	28
21	2020	9	30	1340	40200
21	2020	9	35	232	8120
21	2020	9	60	5	300
21	2020	9	84	362	30408
21	2020	9	90	5339	480510
21	2020	10	28	1	28
21	2020	10	30	1415	42450
21	2020	10	35	240	8400
21	2020	10	60	2	120
21	2020	10	84	385	32340
21	2020	10	90	6468	582120
21	2020	11	7	1	7
21	2020	11	28	1	28
21	2020	11	30	1249	37470
21	2020	11	35	209	7315
21	2020	11	60	6	360
21	2020	11	84	361	30324
21	2020	11	90	5942	534780
21	2020	12	28	1	28
21	2020	12	30	1325	39750
21	2020	12	35	278	9730
21	2020	12	60	3	180
21	2020	12	84	161	13524
21	2020	12	90	5888	529920
21	2021	1	30	1152	34560
21	2021	1	35	207	7245
21	2021	1	60	3	180
21	2021	1	84	196	16464
21	2021	1	90	6377	573930
21	2021	2	28	1	28
21	2021	2	30	1229	36870
21	2021	2	35	167	5845
21	2021	2	84	177	14868
21	2021	2	90	5855	526950
21	2021	3	10	2	20
21	2021	3	28	2	56
21	2021	3	30	1421	42630
21	2021	3	35	228	7980
21	2021	3	60	2	120
21	2021	3	84	193	16212
21	2021	3	90	6447	580230
21	2021	4	30	1270	38100
21	2021	4	35	136	4760
21	2021	4	60	3	180
21	2021	4	84	218	18312
21	2021	4	90	6805	612450
21	2021	5	7	1	7
21	2021	5	28	1	28
21	2021	5	30	1270	38100
21	2021	5	35	200	7000
21	2021	5	60	2	120
21	2021	5	84	202	16968
21	2021	5	90	6155	553950
21	2021	6	30	1522	45660
21	2021	6	35	123	4305
21	2021	6	60	4	240
21	2021	6	84	201	16884
21	2021	6	90	6569	591210
21	2021	7	30	1599	47970
21	2021	7	35	32	1120
21	2021	7	60	5	300
21	2021	7	84	148	12432
21	2021	7	90	7786	700740
21	2021	8	28	1	28
21	2021	8	30	1622	48660
21	2021	8	35	25	875
21	2021	8	60	2	120
21	2021	8	84	58	4872
21	2021	8	90	7080	637200
21	2021	9	10	2	20
21	2021	9	30	1598	47940
21	2021	9	35	73	2555
21	2021	9	60	5	300
21	2021	9	84	146	12264
21	2021	9	90	6826	614340
21	2021	10	30	1692	50760
21	2021	10	35	63	2205
21	2021	10	60	3	180
21	2021	10	84	164	13776
21	2021	10	90	7933	713970
21	2021	11	7	1	7
21	2021	11	30	1651	49530
21	2021	11	35	70	2450
21	2021	11	60	1	60
21	2021	11	84	153	12852
21	2021	11	90	7658	689220
21	2021	12	30	1528	45840
21	2021	12	35	91	3185
21	2021	12	60	4	240
21	2021	12	84	143	12012
21	2021	12	90	7160	644400
